How many employees does your company or organization have?,Do you know the options for mental health care available under your employer-provided coverage?,Would you feel comfortable discussing a mental health disorder with your coworkers?,Were you aware of the options for mental health care provided by your previous employers?,Do you think that discussing a mental health disorder with previous employers would have negative consequences?,Do you think that discussing a physical health issue with previous employers would have negative consequences?,Would you have been willing to discuss a mental health issue with your direct supervisor(s)?,Did you feel that your previous employers took mental health as seriously as physical health?,Would you be willing to bring up a physical health issue with a potential employer in an interview?,Do you think that team members/co-workers would view you more negatively if they knew you suffered from a mental health issue?,Have you observed or experienced an unsupportive or badly handled response to a mental health issue in your current or previous workplace?,Do you have a family history of mental illness?,Do you currently have a mental health disorder?,What is your age?,What country do you work in?,Do you work remotely?,Have you had mental health benefits before,How easy is it to ask for mental health leave?,Mental health effects on work when treated effectively,Sharing mental health issue with family and friends
-0.593597905594566,-1,1,0,1,0,1,-1,1,0,0,0,0,39,49,1,0,2,-1,4
-0.7276935270069581,2,1,1,0,0,1,1,1,0,0,2,2,29,50,0,2,1,1,4
-0.7276935270069581,-1,1,0,-1,1,-1,-1,2,1,1,0,0,38,49,2,0,0,-1,4
-0.7706041258589237,-1,-1,0,1,1,1,-1,2,1,0,0,2,43,49,1,1,-1,1,1
-0.7276935270069581,2,1,0,1,1,1,1,1,1,2,2,2,43,50,1,-1,0,1,4
1.9095203607700877,1,1,2,2,1,0,0,2,1,2,0,2,42,49,1,0,1,-1,4
-0.593597905594566,0,1,1,0,0,2,1,2,0,0,0,0,30,50,1,1,1,-1,1
1.9095203607700877,2,1,1,1,1,1,1,0,1,2,2,2,37,50,2,1,2,1,4
-0.593597905594566,0,2,0,2,2,0,0,1,2,2,2,2,44,50,1,-1,-2,1,4
-0.7706041258589237,-1,-1,1,1,1,1,-1,2,0,0,2,2,30,50,2,1,-1,1,5
-0.593597905594566,1,1,0,1,1,1,0,2,1,2,-1,2,28,50,0,0,2,1,5
0.1215787419381922,2,0,0,2,1,0,0,0,2,0,2,2,34,50,1,0,-1,0,0
0.1215787419381922,1,2,2,0,0,1,2,0,0,0,2,2,30,50,2,1,2,1,4
0.1215787419381922,2,0,0,2,2,1,0,2,2,2,0,1,44,10,1,-1,1,-1,0
0.1215787419381922,2,2,0,-1,0,-1,-1,0,0,0,2,2,35,50,2,-1,2,1,4
0.1215787419381922,0,1,1,1,1,1,1,1,1,0,2,2,52,50,1,1,0,1,1
1.0155495513541395,0,2,2,1,1,1,1,0,1,1,0,0,34,49,0,0,-1,-1,4
-0.7706041258589237,-1,-1,-1,-1,-1,-1,-1,0,2,2,-1,2,25,50,2,-1,-1,3,2
0.1215787419381922,0,0,0,2,0,0,0,2,2,0,2,2,31,50,1,-1,-1,1,2
-0.7276935270069581,-1,1,2,0,0,1,2,1,2,1,2,0,26,50,1,2,2,-1,2
1.9095203607700877,0,1,2,0,1,1,-1,0,1,0,0,0,35,50,0,1,1,-1,1
-0.593597905594566,2,1,2,-1,1,1,-1,1,0,0,-1,0,25,21,1,2,2,-1,1
-0.763452359383596,2,1,1,1,1,1,1,0,1,2,2,0,33,10,1,1,-1,1,4
-0.7706041258589237,-1,-1,0,1,1,1,-1,1,0,-1,0,0,38,50,1,-1,-1,-1,1
0.1215787419381922,2,1,-1,-1,-1,-1,-1,1,0,1,0,0,42,21,0,-1,2,-1,5
-0.593597905594566,0,0,1,1,1,-1,1,0,2,1,-1,2,27,33,1,0,-2,1,4
0.1215787419381922,0,0,0,-1,1,0,0,1,2,1,0,1,35,21,0,0,-1,1,2
1.0155495513541395,0,1,0,1,1,0,0,1,0,2,2,1,34,49,0,-1,0,1,1
0.1215787419381922,2,2,2,0,0,-1,2,0,0,0,0,2,30,50,1,1,2,3,5
1.9095203607700877,1,0,-1,-1,-1,-1,-1,0,1,0,-1,1,31,50,0,-1,2,1,4
-0.7706041258589237,-1,-1,0,-1,1,2,-1,0,1,0,0,0,37,15,1,1,-1,-1,4
-0.593597905594566,1,1,0,1,1,0,0,2,0,1,0,2,36,49,1,0,2,-1,2
0.1215787419381922,0,0,0,1,0,0,0,0,2,0,0,0,33,21,0,0,1,-1,4
-0.593597905594566,1,2,1,1,1,1,1,2,1,2,2,2,44,50,2,1,2,1,4
0.1215787419381922,2,2,2,1,0,1,0,1,2,2,0,1,29,49,0,0,1,0,4
0.1215787419381922,1,1,0,-1,0,1,1,2,0,0,2,1,29,49,1,0,1,1,5
1.9095203607700877,2,2,0,1,1,2,-1,2,1,2,-1,0,44,10,2,1,0,-1,5
-0.7706041258589237,-1,-1,0,1,1,1,0,1,0,2,2,2,34,50,1,2,-1,1,4
0.1215787419381922,1,1,1,1,0,1,1,1,0,1,-1,2,40,50,2,1,1,1,4
1.9095203607700877,1,2,0,1,0,2,0,1,1,1,2,2,46,33,0,1,-1,3,5
-0.7706041258589237,-1,-1,0,1,0,1,1,2,0,2,2,2,28,31,1,0,-1,1,4
1.9095203607700877,1,0,0,-1,0,0,0,0,2,0,0,0,41,50,0,0,-1,-1,4
-0.7276935270069581,2,1,0,2,2,0,0,0,2,2,2,2,33,50,1,0,1,1,4
-0.7706041258589237,-1,-1,1,1,1,1,-1,2,1,2,2,2,32,50,1,1,-1,1,5
-0.7276935270069581,0,0,1,1,1,1,1,1,1,0,-1,1,45,50,1,1,-1,-1,2
-0.7706041258589237,-1,-1,0,-1,1,-1,-1,2,1,1,2,1,43,49,1,-1,-1,-1,1
-0.7276935270069581,2,2,2,1,0,1,1,0,1,0,0,2,37,50,2,1,2,3,4
-0.593597905594566,-1,0,0,1,1,0,-1,0,1,1,-1,2,37,2,0,0,1,1,1
-0.7276935270069581,2,2,1,1,1,1,1,2,1,1,2,0,27,50,1,1,2,-1,4
-0.7706041258589237,-1,-1,2,2,1,2,2,2,0,-1,0,0,31,33,1,2,-1,-1,1
1.9095203607700877,2,1,2,1,1,1,1,1,0,2,2,2,36,50,1,2,-1,0,1
1.0155495513541395,2,1,2,1,0,1,-1,1,1,0,0,1,34,50,2,0,-1,1,1
1.9095203607700877,0,2,0,1,1,1,1,0,0,0,0,0,31,50,1,1,-1,-1,2
-0.593597905594566,2,2,-1,-1,-1,-1,-1,1,0,0,2,1,30,50,0,-1,1,1,4
0.1215787419381922,2,1,0,1,1,0,0,2,1,1,2,1,32,10,0,1,-1,1,2
-0.7276935270069581,1,0,0,-1,0,1,-1,1,1,0,-1,1,40,50,1,-1,-1,-1,2
0.1215787419381922,0,1,1,1,0,-1,0,2,0,0,-1,0,40,50,1,0,0,-1,1
1.9095203607700877,1,1,0,1,1,0,0,1,2,1,-1,1,41,20,1,0,0,1,4
-0.593597905594566,-1,0,0,2,0,1,-1,2,2,1,0,1,27,49,0,-1,-2,1,4
-0.593597905594566,2,2,0,1,0,2,0,1,0,2,0,0,30,50,1,1,1,-1,4
-0.7706041258589237,-1,-1,0,1,1,0,-1,0,2,2,-1,1,29,51,2,0,-1,-1,1
-0.7706041258589237,-1,-1,0,-1,1,0,-1,0,1,0,0,0,38,49,1,-1,-1,-1,2
-0.7706041258589237,-1,-1,0,-1,1,0,-1,0,0,-1,0,0,35,33,1,-1,-1,-1,1
-0.7276935270069581,2,1,1,-1,0,1,1,2,2,2,2,2,35,50,0,0,-1,1,4
1.9095203607700877,1,0,2,2,1,1,0,2,2,2,2,2,29,50,2,0,0,3,4
0.1215787419381922,1,0,1,-1,1,1,0,1,1,0,2,0,28,50,0,1,-1,-1,4
-0.593597905594566,2,0,0,0,0,2,2,0,2,0,-1,1,27,33,1,0,2,1,5
-0.7706041258589237,-1,-1,0,-1,1,1,0,2,0,1,0,0,39,38,1,0,-1,-1,1
0.1215787419381922,1,1,-1,-1,-1,-1,-1,2,1,0,0,0,28,5,1,-1,0,-1,4
-0.7276935270069581,0,0,0,2,2,0,0,0,2,0,2,0,46,50,1,-1,-2,-1,0
-0.763452359383596,0,2,0,1,1,2,-1,2,0,0,0,0,40,33,1,-1,2,-1,5
-0.593597905594566,2,1,0,1,0,1,-1,1,0,0,2,1,37,50,2,-1,2,-1,4
-0.593597905594566,-1,1,0,0,0,2,-1,1,0,0,2,0,41,33,1,1,2,-1,4
-0.7706041258589237,-1,-1,-1,-1,-1,-1,-1,0,2,1,-1,2,19,20,0,-1,-1,-1,4
-0.7276935270069581,1,2,0,1,1,1,1,1,0,0,0,0,38,33,0,-1,1,-1,4
-0.593597905594566,1,0,1,-1,0,1,0,2,1,0,0,0,33,50,1,1,-1,-1,1
-0.593597905594566,2,1,1,1,1,1,1,2,0,0,2,2,33,50,2,1,2,1,5
-0.763452359383596,2,1,0,-1,0,1,-1,0,1,0,0,0,21,49,0,0,-1,-1,4
-0.763452359383596,0,0,1,2,2,0,0,0,1,2,2,2,36,7,0,1,-2,3,2
-0.7706041258589237,-1,-1,1,-1,1,1,1,1,1,2,2,2,39,10,1,0,-1,0,2
-0.593597905594566,1,1,-1,-1,-1,-1,-1,2,0,0,0,0,35,50,1,-1,1,-1,4
-0.7706041258589237,-1,-1,2,-1,0,1,-1,0,1,1,2,2,36,20,1,2,-1,1,5
-0.7276935270069581,0,0,0,-1,1,0,-1,1,1,2,0,1,45,50,0,-1,0,-1,2
-0.593597905594566,0,1,1,-1,0,1,1,2,1,0,0,1,41,10,0,-1,-1,-1,4
-0.593597905594566,1,0,0,1,1,1,0,1,2,2,-1,2,35,49,1,-1,-1,1,1
-0.7706041258589237,-1,-1,0,1,1,1,-1,2,0,0,-1,1,30,50,1,-1,-1,1,4
-0.593597905594566,1,1,-1,-1,-1,-1,-1,0,0,0,2,2,24,50,1,-1,2,1,5
0.1215787419381922,-1,0,0,-1,0,0,-1,1,1,-1,-1,0,33,7,0,0,-1,0,4
1.9095203607700877,2,1,2,1,0,-1,-1,0,2,0,2,1,35,50,1,2,0,1,2
-0.7276935270069581,-1,1,0,2,1,0,0,2,1,1,0,2,26,49,1,0,0,1,4
-0.7276935270069581,-1,0,0,1,0,-1,1,2,2,2,0,0,17,7,2,0,-1,0,0
-0.7276935270069581,1,1,0,0,0,1,1,1,1,-1,0,2,29,50,1,0,0,1,4
0.1215787419381922,1,1,1,0,0,1,1,2,1,0,2,2,26,50,1,1,0,1,4
-0.593597905594566,1,1,2,-1,0,1,2,0,2,2,0,0,36,50,2,2,2,-1,1
-0.593597905594566,1,0,0,1,1,-1,0,1,0,0,-1,0,46,50,1,-1,-1,-1,4
-0.7706041258589237,-1,-1,1,1,1,1,1,1,1,2,2,2,39,33,1,1,-1,-1,4
0.1215787419381922,2,1,0,1,0,1,-1,0,1,0,2,2,28,50,1,0,-1,1,4
1.0155495513541395,0,0,0,2,1,0,0,0,2,-1,0,0,40,50,1,-1,0,-1,1
0.1215787419381922,0,1,-1,-1,-1,-1,-1,1,1,0,-1,2,23,50,1,-1,-1,3,5
-0.7276935270069581,1,2,0,-1,0,2,-1,2,1,0,2,0,30,50,1,0,0,-1,4
-0.593597905594566,1,0,1,1,1,0,0,0,2,0,2,0,28,50,1,1,2,-1,4
-0.593597905594566,1,1,-1,-1,-1,-1,-1,0,1,1,-1,1,27,33,0,-1,-1,-1,4
-0.7706041258589237,-1,-1,0,1,1,1,-1,1,2,1,0,1,31,50,2,0,-1,3,4
-0.593597905594566,2,1,1,1,0,1,-1,1,1,1,2,1,39,50,0,1,-1,1,4
1.9095203607700877,2,1,2,-1,2,-1,0,1,1,1,2,2,34,50,2,2,-1,1,4
-0.7276935270069581,2,0,-1,-1,-1,-1,-1,0,0,0,0,2,30,50,1,-1,2,1,2
-0.7706041258589237,-1,-1,2,1,1,1,1,2,0,0,-1,2,30,16,0,0,-1,1,4
0.1215787419381922,0,2,0,2,2,0,0,2,1,1,0,1,31,50,1,0,1,-1,1
-0.593597905594566,2,2,2,-1,0,0,-1,2,0,0,2,2,30,50,2,2,2,1,4
1.9095203607700877,1,0,-1,-1,-1,-1,-1,0,1,0,2,1,32,50,1,-1,-1,-1,4
-0.7706041258589237,-1,-1,-1,-1,-1,-1,-1,1,2,2,2,0,22,15,1,-1,-1,0,2
-0.7706041258589237,-1,-1,0,2,2,1,0,1,2,2,2,2,37,5,2,-1,-1,1,4
-0.593597905594566,2,1,0,-1,1,-1,-1,1,0,0,0,0,51,50,1,0,-1,-1,4
-0.593597905594566,0,1,0,1,1,1,0,1,1,0,2,2,26,50,1,0,-1,1,5
-0.593597905594566,2,2,0,1,0,0,1,2,0,2,2,0,41,50,1,1,1,0,5
0.1215787419381922,1,1,0,1,1,1,0,1,1,0,2,2,39,50,1,-1,0,0,4
-0.7276935270069581,0,0,1,1,0,1,1,0,2,1,2,1,43,50,1,2,0,1,1
1.0155495513541395,1,2,1,1,0,1,1,2,0,0,2,1,30,49,1,1,0,1,5
-0.593597905594566,2,1,0,1,1,0,0,1,0,0,-1,0,24,50,1,-1,2,-1,1
-0.7706041258589237,-1,-1,2,-1,0,0,-1,1,1,-1,0,2,30,33,1,2,-1,-1,4
-0.7706041258589237,-1,-1,1,1,1,-1,-1,0,2,2,-1,2,48,50,1,1,-1,1,4
-0.7706041258589237,-1,-1,1,1,1,1,1,1,1,2,2,1,55,50,2,1,-1,1,4
-0.763452359383596,0,2,2,1,1,1,-1,1,1,2,-1,1,36,50,1,2,-2,-1,4
-0.7706041258589237,-1,-1,1,-1,0,1,-1,2,1,0,0,0,38,33,1,1,-1,-1,4
0.1215787419381922,0,2,0,1,1,1,0,0,0,0,0,0,34,20,1,-1,2,-1,5
-0.593597905594566,0,0,0,-1,0,0,1,1,2,0,0,0,44,50,1,-1,1,-1,1
1.9095203607700877,1,0,1,-1,1,1,-1,0,1,0,-1,1,45,50,1,2,-2,1,4
-0.7276935270069581,0,1,1,2,1,0,0,1,2,2,-1,1,45,50,1,1,-1,1,0
1.0155495513541395,1,1,0,1,0,1,0,2,1,2,2,2,30,50,1,0,-1,0,4
1.9095203607700877,0,1,1,-1,0,0,0,0,1,2,-1,2,34,50,1,1,-1,1,1
1.9095203607700877,0,1,0,-1,0,1,1,0,0,1,2,0,37,50,1,-1,0,-1,4
1.9095203607700877,1,0,1,1,0,-1,-1,1,1,0,0,0,38,50,1,1,-1,-1,1
-0.593597905594566,0,0,0,1,0,-1,0,1,1,0,0,1,31,50,1,-1,-1,1,1
-0.593597905594566,1,2,2,0,0,2,-1,2,0,0,0,0,33,50,2,1,1,-1,4
0.1215787419381922,2,0,1,1,0,1,0,1,1,1,-1,2,29,50,1,2,-1,1,4
0.1215787419381922,2,2,1,1,1,1,1,2,0,2,2,2,35,50,1,1,1,1,5
-0.593597905594566,0,0,0,-1,0,1,-1,0,1,1,-1,0,26,50,1,-1,-1,-1,4
1.0155495513541395,0,1,0,-1,1,1,1,1,2,1,2,1,36,50,2,-1,-1,1,4
-0.593597905594566,1,1,-1,-1,-1,-1,-1,1,2,0,2,2,21,49,0,-1,-1,1,2
-0.593597905594566,1,0,0,1,0,2,1,2,2,0,-1,2,34,50,1,1,1,1,5
-0.7706041258589237,-1,-1,0,-1,0,0,-1,0,2,0,-1,1,40,21,2,0,-1,-1,5
-0.593597905594566,0,1,1,1,1,1,1,1,0,2,0,2,35,50,1,1,-2,1,4
-0.7276935270069581,2,2,2,1,1,0,0,1,1,1,0,0,44,50,1,0,1,0,5
1.9095203607700877,-1,0,0,2,1,0,0,0,2,2,0,0,45,50,1,0,-2,-1,4
1.9095203607700877,2,1,2,0,0,1,1,2,0,0,0,2,42,50,1,1,2,0,5
-0.7706041258589237,-1,-1,1,1,0,1,0,1,1,2,-1,2,40,50,2,1,-1,1,4
-0.7706041258589237,-1,-1,-1,-1,-1,-1,-1,0,2,-1,0,0,50,50,2,-1,-1,1,4
0.1215787419381922,0,1,1,-1,0,1,-1,1,1,0,2,1,36,50,2,-1,-1,-1,4
-0.7706041258589237,-1,-1,1,1,0,1,1,1,1,1,2,2,31,50,2,2,-1,1,5
-0.593597905594566,0,2,1,0,0,2,2,1,0,0,-1,0,29,50,2,2,2,-1,4
0.1215787419381922,0,2,-1,-1,-1,-1,-1,2,0,0,0,0,37,50,0,-1,1,-1,0
-0.593597905594566,1,1,0,1,1,1,0,0,0,1,-1,2,31,50,1,1,-2,1,1
1.9095203607700877,0,0,0,1,1,-1,0,0,2,-1,0,0,42,10,2,0,-1,-1,2
1.0155495513541395,2,0,0,1,1,0,1,0,1,0,0,0,25,50,1,1,1,-1,1
-0.7276935270069581,2,1,0,-1,0,-1,-1,2,1,2,2,2,27,50,1,-1,2,1,4
1.9095203607700877,2,1,1,1,1,1,1,0,2,1,0,2,41,50,0,1,-1,1,5
0.1215787419381922,2,1,-1,-1,-1,-1,-1,2,1,1,0,2,41,50,1,-1,1,1,4
1.9095203607700877,2,0,-1,-1,-1,-1,-1,1,2,0,-1,0,55,50,0,-1,2,-1,1
1.9095203607700877,2,1,1,-1,1,0,0,2,1,1,0,2,21,50,0,0,0,-1,4
1.9095203607700877,1,0,1,-1,0,1,-1,1,1,0,0,0,37,33,0,2,2,-1,1
1.9095203607700877,0,1,0,1,1,1,1,1,1,-1,0,0,34,33,1,0,2,-1,1
1.9095203607700877,2,0,0,-1,0,0,-1,1,1,0,-1,1,40,49,0,-1,-1,-1,2
-0.7706041258589237,-1,-1,-1,-1,-1,-1,-1,2,0,0,-1,1,25,33,2,-1,-1,1,4
1.9095203607700877,1,0,0,1,0,1,0,2,2,1,0,1,36,21,1,-1,1,-1,1
-0.593597905594566,1,2,1,1,1,1,1,1,2,2,0,1,25,21,0,1,1,1,4
0.1215787419381922,1,1,0,-1,1,2,-1,1,1,0,0,0,35,50,2,-1,0,-1,4
-0.7276935270069581,1,1,1,-1,1,1,1,1,1,1,-1,0,37,50,2,1,0,-1,4
1.9095203607700877,0,0,0,-1,1,1,-1,0,2,0,-1,1,45,50,1,1,0,-1,2
-0.7276935270069581,-1,2,1,-1,0,0,1,0,1,1,2,2,26,50,0,0,0,1,0
-0.593597905594566,1,1,-1,-1,-1,-1,-1,1,1,0,0,0,23,50,1,-1,1,-1,4
-0.593597905594566,2,0,0,1,0,1,0,1,1,2,2,2,22,50,1,1,-1,1,4
-0.593597905594566,1,1,0,1,0,1,1,0,2,1,2,2,46,50,2,-1,1,1,4
-0.7276935270069581,-1,2,0,-1,0,-1,0,2,1,0,0,0,31,49,1,0,1,-1,1
0.1215787419381922,1,2,0,1,0,-1,-1,2,0,0,2,2,27,50,2,-1,2,1,5
-0.7276935270069581,-1,2,0,2,0,-1,0,1,0,0,-1,0,37,49,1,-1,2,-1,5
0.1215787419381922,1,0,-1,-1,-1,-1,-1,1,0,0,0,0,37,49,0,-1,0,-1,4
1.0155495513541395,0,1,1,0,0,1,-1,0,0,0,2,0,23,33,0,2,2,1,1
-0.593597905594566,2,1,2,1,1,0,0,1,1,2,2,2,40,50,0,0,-1,1,4
-0.763452359383596,0,1,0,1,0,1,0,2,0,0,0,0,29,16,1,-1,1,-1,4
0.1215787419381922,2,2,0,-1,0,1,1,1,0,0,-1,2,37,50,1,-1,1,1,4
0.1215787419381922,2,2,1,1,0,1,1,1,1,1,2,0,34,50,0,1,-1,-1,1
1.9095203607700877,0,2,1,2,1,1,0,1,1,0,0,2,40,50,1,1,2,1,5
1.0155495513541395,0,1,0,-1,0,1,1,2,2,1,0,1,39,50,1,-1,2,0,5
1.0155495513541395,1,1,0,1,1,1,1,1,1,0,2,2,28,50,2,-1,1,1,4
-0.7706041258589237,-1,-1,0,1,0,1,1,1,2,1,0,1,28,5,1,0,-1,-1,4
-0.593597905594566,0,0,2,-1,0,0,1,1,0,0,2,0,27,21,1,0,0,-1,2
-0.7706041258589237,-1,-1,0,1,1,1,-1,1,1,0,0,1,48,49,1,-1,-1,-1,4
1.9095203607700877,2,2,2,1,1,1,1,1,1,2,0,2,49,50,1,2,-1,1,4
-0.593597905594566,1,2,0,1,0,1,0,2,1,0,-1,2,35,49,0,0,1,1,5
0.1215787419381922,0,1,0,1,0,1,1,1,0,2,2,2,35,45,1,0,1,1,5
-0.7706041258589237,-1,-1,0,2,0,1,0,2,0,0,2,2,38,49,2,0,-1,3,0
1.0155495513541395,2,2,1,1,0,0,0,2,1,1,2,0,32,50,1,2,0,1,1
1.9095203607700877,2,0,0,2,1,0,0,1,2,0,2,2,42,50,1,0,-1,1,2
0.1215787419381922,2,1,1,1,2,1,0,1,2,1,2,1,33,50,2,1,-1,1,4
-0.593597905594566,-1,2,0,0,0,2,-1,2,0,0,0,0,35,49,2,-1,2,-1,5
1.0155495513541395,0,2,0,-1,0,1,-1,0,2,0,0,1,24,40,1,-1,1,-1,4
1.0155495513541395,2,2,2,1,1,1,1,0,0,2,2,2,29,50,1,2,1,1,5
0.1215787419381922,1,1,0,1,0,1,1,2,1,1,0,1,29,50,2,0,-1,1,4
-0.7276935270069581,-1,1,-1,-1,-1,-1,-1,1,0,-1,0,0,24,49,1,-1,1,-1,2
1.0155495513541395,0,2,0,-1,0,1,0,2,2,0,2,0,30,45,2,0,1,1,5
-0.593597905594566,0,0,1,1,0,1,1,0,0,0,0,2,30,50,2,1,-1,1,5
-0.7276935270069581,0,0,1,-1,0,1,1,2,2,0,2,2,44,50,2,1,-1,1,4
0.1215787419381922,1,1,0,1,0,0,0,1,0,0,0,0,37,49,2,-1,1,-1,1
1.0155495513541395,0,1,1,0,0,1,1,0,1,0,0,0,28,21,1,1,0,-1,4
0.1215787419381922,2,1,1,0,0,1,1,1,0,0,2,0,42,50,2,2,1,1,1
-0.763452359383596,0,2,1,2,0,1,1,1,0,2,2,2,30,49,1,1,1,1,4
0.1215787419381922,1,0,0,-1,1,1,0,1,0,0,0,1,36,40,1,0,-1,3,2
1.0155495513541395,0,0,0,-1,0,-1,-1,2,0,0,0,0,30,40,1,0,0,-1,1
-0.7276935270069581,0,0,0,-1,0,-1,-1,1,0,-1,0,0,29,50,2,-1,0,-1,1
1.0155495513541395,0,1,-1,-1,-1,-1,-1,1,1,0,0,0,25,50,1,-1,-1,-1,1
-0.593597905594566,-1,1,-1,-1,-1,-1,-1,2,1,0,0,0,25,5,1,-1,1,-1,4
1.0155495513541395,1,1,-1,-1,-1,-1,-1,1,0,0,0,0,24,40,0,-1,1,-1,4
1.9095203607700877,0,0,-1,-1,-1,-1,-1,2,0,0,0,2,25,40,1,-1,1,1,4
-0.593597905594566,2,2,2,0,0,2,2,2,0,0,-1,2,31,16,0,2,2,0,5
-0.593597905594566,0,1,1,1,1,1,1,1,1,1,2,0,37,10,1,2,-1,-1,4
0.1215787419381922,0,1,0,1,1,1,-1,1,1,0,0,0,35,50,0,-1,1,-1,4
-0.7276935270069581,-1,2,1,2,1,0,0,0,0,0,2,0,26,44,1,0,1,1,0
0.1215787419381922,2,2,0,1,1,1,1,1,1,1,-1,0,31,49,2,0,1,-1,4
1.0155495513541395,1,1,1,1,1,1,1,0,2,0,2,0,29,50,2,1,1,0,2
-0.593597905594566,0,0,0,-1,1,0,-1,1,2,2,2,0,33,20,1,-1,1,-1,1
-0.593597905594566,1,1,0,1,1,0,0,1,0,0,0,0,30,25,2,0,1,-1,2
-0.593597905594566,2,2,0,1,0,0,0,2,2,0,-1,1,30,50,1,0,0,3,4
0.1215787419381922,2,0,-1,-1,-1,-1,-1,0,2,2,2,2,29,50,0,-1,-1,1,4
-0.593597905594566,0,0,-1,-1,-1,-1,-1,0,2,1,-1,2,25,50,1,-1,-1,0,0
1.9095203607700877,2,1,0,-1,1,1,0,2,1,2,2,0,27,50,0,0,2,-1,4
1.0155495513541395,1,0,0,0,0,0,1,2,0,-1,0,0,26,21,1,0,2,-1,2
1.0155495513541395,2,2,2,-1,1,1,1,2,0,0,2,0,38,50,2,1,2,-1,5
1.9095203607700877,2,1,1,1,0,0,0,0,2,1,2,2,49,50,1,1,-2,0,4
-0.593597905594566,2,2,2,0,0,2,2,2,0,0,2,0,30,50,1,1,2,-1,5
-0.7706041258589237,-1,-1,0,-1,1,1,-1,2,1,1,-1,1,34,20,1,-1,-1,-1,1
0.1215787419381922,0,0,0,1,0,0,2,1,2,2,0,0,31,40,0,0,2,-1,2
-0.7706041258589237,-1,-1,0,-1,1,0,0,1,2,0,2,1,29,50,1,-1,-1,1,2
0.1215787419381922,0,1,-1,-1,-1,-1,-1,1,1,0,0,0,31,21,1,-1,2,-1,4
0.1215787419381922,1,0,0,1,1,0,-1,1,2,0,-1,1,34,21,0,0,0,1,4
-0.7276935270069581,0,2,0,1,1,1,0,1,0,0,0,0,28,50,1,-1,1,1,4
-0.7706041258589237,-1,-1,0,2,1,1,0,2,2,1,2,0,35,49,2,2,-1,1,1
1.0155495513541395,1,0,0,-1,1,0,1,0,1,0,-1,0,27,21,2,-1,2,-1,4
-0.7706041258589237,-1,-1,0,0,0,-1,-1,1,1,0,0,0,33,21,1,-1,-1,-1,2
-0.7276935270069581,1,1,1,1,1,1,1,1,1,0,-1,1,37,50,1,1,0,1,1
1.9095203607700877,-1,1,0,1,0,0,0,1,0,2,0,2,45,49,1,-1,2,1,4
-0.7276935270069581,-1,1,1,2,1,0,0,0,1,2,2,2,31,50,2,1,1,1,4
1.9095203607700877,1,0,0,2,1,-1,-1,0,2,-1,0,0,36,50,0,-1,-1,-1,1
1.0155495513541395,2,1,1,1,0,1,1,2,1,1,2,2,30,50,0,1,-1,3,4
1.9095203607700877,2,0,1,2,1,1,0,1,2,0,2,2,33,48,1,1,-2,1,4
1.0155495513541395,1,0,0,2,1,0,0,2,2,2,-1,2,45,10,2,0,-1,0,0
-0.593597905594566,2,1,2,1,1,0,0,0,0,2,2,2,30,50,1,0,1,1,4
-0.593597905594566,2,1,1,2,1,0,1,1,2,2,2,2,30,50,1,2,0,1,2
-0.7706041258589237,-1,-1,1,1,1,1,0,0,0,2,2,2,29,50,2,1,-1,1,4
-0.763452359383596,2,2,0,1,0,0,0,1,0,0,2,0,36,32,1,0,1,0,5
-0.593597905594566,2,1,1,1,1,1,1,1,1,2,2,1,28,50,0,1,1,1,4
-0.593597905594566,1,1,0,1,1,1,0,0,1,0,0,2,36,50,1,1,1,1,4
1.0155495513541395,2,1,0,-1,1,-1,-1,2,1,1,2,1,37,50,1,-1,0,1,2
-0.593597905594566,1,2,2,1,0,1,1,0,0,0,2,1,29,50,1,2,2,0,5
-0.593597905594566,2,2,0,1,0,1,1,0,0,1,2,2,25,50,1,1,2,1,4
-0.593597905594566,0,1,0,2,1,0,0,0,2,2,0,0,34,50,1,-1,0,-1,4
1.9095203607700877,2,1,1,-1,1,-1,0,1,1,2,0,0,37,10,1,2,0,1,5
1.9095203607700877,2,1,1,1,1,1,1,0,1,2,2,2,40,50,1,2,0,0,4
0.1215787419381922,2,1,0,1,1,1,0,0,2,1,0,1,32,50,2,0,-1,-1,5
-0.593597905594566,0,1,0,-1,0,1,-1,1,1,1,0,0,38,49,0,-1,1,-1,4
-0.593597905594566,1,1,1,1,1,1,0,1,0,2,2,2,31,50,1,1,-1,1,4
-0.593597905594566,2,2,0,1,1,1,1,1,0,1,2,0,28,50,1,1,2,1,4
0.1215787419381922,0,0,1,2,1,0,0,2,0,2,2,2,27,49,1,1,-2,3,2
-0.593597905594566,2,1,1,1,1,0,0,1,1,2,0,2,28,50,1,1,1,1,2
-0.7276935270069581,2,0,2,1,0,1,1,0,0,0,2,2,26,21,2,1,1,0,2
-0.593597905594566,2,2,1,1,1,1,1,2,0,0,2,0,40,50,1,1,2,1,5
1.9095203607700877,2,2,1,1,1,1,0,1,0,2,0,2,42,50,1,1,1,1,4
-0.593597905594566,1,1,0,1,0,1,-1,0,0,0,-1,0,36,50,0,-1,2,-1,1
-0.7706041258589237,-1,-1,0,1,1,0,1,1,2,1,2,1,44,49,0,0,-1,1,5
1.0155495513541395,2,1,-1,-1,-1,-1,-1,2,1,1,-1,2,24,50,0,-1,-2,1,4
0.1215787419381922,1,0,2,-1,0,2,0,2,2,1,-1,1,44,50,0,2,-2,-1,0
1.9095203607700877,1,2,2,1,0,1,1,1,0,0,0,2,31,50,2,1,0,0,4
-0.7706041258589237,-1,-1,0,1,0,1,1,2,2,2,2,1,49,50,1,0,-1,1,5
-0.593597905594566,0,1,0,-1,0,1,-1,1,1,1,2,0,27,50,1,-1,-2,-1,4
0.1215787419381922,2,1,0,-1,1,0,-1,0,0,0,0,0,28,50,1,0,-1,-1,1
-0.7276935270069581,2,0,2,2,0,0,1,0,2,0,2,1,20,50,0,0,-2,1,4
-0.7706041258589237,-1,-1,0,-1,0,1,-1,1,1,-1,2,0,41,21,2,2,-1,-1,4
0.1215787419381922,-1,1,1,1,0,1,0,0,1,2,-1,2,38,2,1,1,0,1,2
0.1215787419381922,0,0,1,1,1,0,1,0,2,1,2,2,29,50,0,1,-1,1,2
0.1215787419381922,0,1,2,1,0,1,1,2,1,2,2,2,44,50,2,2,2,1,4
1.0155495513541395,1,0,0,0,0,2,-1,2,1,0,-1,0,31,50,1,-1,0,-1,4
-0.7276935270069581,0,0,0,1,1,0,0,0,2,2,2,2,54,50,1,0,-1,1,4
1.0155495513541395,0,0,0,0,0,-1,-1,1,1,0,2,0,33,21,1,-1,1,-1,1
-0.7276935270069581,0,0,0,0,0,2,2,1,1,2,0,0,29,33,0,-1,-1,-1,1
-0.593597905594566,0,2,-1,-1,-1,-1,-1,1,1,0,2,1,26,49,0,-1,1,1,4
-0.7706041258589237,-1,-1,0,2,1,0,0,0,2,2,-1,2,34,49,1,0,-1,-1,2
0.1215787419381922,0,0,1,2,2,0,-1,0,2,0,2,1,38,50,1,1,-1,0,4
0.1215787419381922,0,1,0,1,1,1,0,1,0,0,2,2,30,49,1,0,2,1,4
-0.7706041258589237,-1,-1,0,2,0,0,0,1,2,2,2,2,34,49,1,0,-1,1,0
1.9095203607700877,1,1,1,1,1,1,1,1,1,2,2,2,47,2,1,1,2,1,5
0.1215787419381922,1,2,1,2,2,1,0,2,0,2,2,0,33,46,1,0,2,-1,5
1.9095203607700877,-1,1,0,1,1,1,-1,0,1,2,0,0,22,49,1,0,0,-1,1
-0.7276935270069581,-1,0,0,1,1,0,0,1,0,1,-1,1,28,49,0,0,-1,-1,1
1.0155495513541395,2,2,0,2,2,-1,0,1,1,2,2,2,31,49,2,0,1,1,5
-0.763452359383596,1,1,-1,-1,-1,-1,-1,2,2,2,0,0,56,2,1,-1,-2,1,1
-0.7706041258589237,-1,-1,2,2,0,0,0,1,0,2,2,2,57,2,2,0,-1,3,5
0.1215787419381922,1,1,0,-1,0,1,-1,1,1,1,0,0,39,50,2,-1,-1,-1,1
-0.763452359383596,0,1,0,1,0,1,1,1,0,0,2,0,21,49,0,1,-1,1,2
1.0155495513541395,0,1,0,1,1,1,-1,0,1,1,0,0,31,40,1,0,2,-1,5
-0.7706041258589237,-1,-1,2,2,1,1,0,1,2,2,0,2,63,50,2,2,-1,3,1
-0.7706041258589237,-1,-1,0,1,1,1,1,2,1,2,2,2,46,2,2,0,-1,3,4
-0.7276935270069581,0,0,1,-1,0,1,1,0,2,1,2,2,32,49,0,1,0,1,4
-0.7706041258589237,-1,-1,0,1,1,1,0,1,1,2,2,2,35,49,1,0,-1,1,5
0.1215787419381922,1,1,2,2,1,2,2,0,1,0,0,0,34,49,1,2,2,-1,4
-0.7276935270069581,-1,1,0,2,2,0,0,1,0,0,2,2,35,50,2,2,0,0,0
-0.593597905594566,1,1,0,1,0,1,0,1,1,1,0,0,31,35,1,0,2,-1,4
-0.7706041258589237,-1,-1,0,2,1,0,-1,2,2,0,2,2,35,50,2,-1,-1,1,4
-0.593597905594566,0,2,0,0,0,2,1,2,0,0,0,0,36,50,1,-1,1,-1,5
-0.593597905594566,1,1,1,1,1,0,1,1,2,0,2,0,50,50,1,1,-1,0,4
-0.7276935270069581,1,1,-1,-1,-1,-1,-1,0,0,0,2,2,31,50,1,-1,2,1,4
0.1215787419381922,2,2,1,-1,1,1,1,0,1,0,2,0,47,50,0,1,-1,1,4
-0.7276935270069581,1,1,1,2,2,0,-1,0,1,1,0,0,32,10,0,1,-2,-1,4
-0.593597905594566,2,1,0,2,2,-1,-1,1,0,2,2,2,23,10,0,0,1,1,4
-0.7276935270069581,1,2,1,1,1,1,1,1,1,0,2,2,43,10,1,2,-1,1,5
-0.7276935270069581,2,2,0,-1,0,2,1,1,0,2,2,0,26,10,1,0,0,-1,5
-0.593597905594566,1,1,0,1,1,2,-1,2,1,1,2,1,26,10,0,-1,-1,1,2
-0.7276935270069581,2,1,2,1,1,1,1,1,1,2,0,0,55,10,1,1,2,-1,4
-0.7276935270069581,0,1,0,-1,0,-1,0,0,1,1,0,2,27,10,0,-1,0,3,4
0.1215787419381922,0,0,0,1,1,0,0,2,2,1,2,0,34,1,2,0,-1,-1,2
-0.593597905594566,-1,0,-1,-1,-1,-1,-1,2,2,-1,2,0,25,25,0,-1,-1,-1,1
-0.593597905594566,0,1,0,-1,0,0,1,0,1,0,0,0,35,50,1,-1,-1,-1,4
-0.7706041258589237,-1,-1,0,1,1,0,0,1,0,2,0,2,37,33,1,-1,-1,1,5
-0.593597905594566,1,2,1,2,2,0,0,2,1,2,-1,2,38,50,1,2,2,1,2
-0.593597905594566,0,1,0,1,1,0,0,1,2,0,-1,1,29,10,0,2,-2,-1,2
1.0155495513541395,2,2,-1,-1,-1,-1,-1,2,1,0,2,1,28,49,2,-1,1,1,4
-0.7276935270069581,-1,2,0,1,1,1,0,1,1,1,2,1,29,50,2,-1,1,1,5
1.9095203607700877,1,1,1,1,1,1,0,2,1,2,2,1,40,50,2,1,1,1,2
-0.593597905594566,2,2,-1,-1,-1,-1,-1,2,0,-1,0,2,25,50,1,-1,2,1,4
-0.7706041258589237,-1,-1,1,1,1,1,-1,1,1,0,0,1,29,45,1,2,-1,-1,2
-0.593597905594566,2,2,0,1,1,1,-1,1,0,2,2,2,29,50,1,1,1,1,4
-0.763452359383596,2,2,0,1,0,1,1,1,0,0,0,2,35,33,1,-1,2,1,5
-0.7706041258589237,-1,-1,-1,-1,-1,-1,-1,0,2,0,-1,0,25,50,1,-1,-1,-1,2
-0.593597905594566,2,1,0,-1,1,0,-1,2,1,2,0,2,43,50,1,0,-1,1,4
-0.7276935270069581,-1,2,0,1,0,1,0,2,0,2,0,0,26,27,0,-1,2,-1,4
0.1215787419381922,0,0,0,1,1,0,1,0,0,1,0,1,31,21,0,0,2,-1,2
0.1215787419381922,2,1,2,2,2,0,0,2,0,1,2,0,31,50,2,1,2,-1,4
1.9095203607700877,0,0,0,1,0,-1,0,1,1,2,-1,2,45,50,2,0,-1,0,2
1.9095203607700877,0,0,-1,-1,-1,-1,-1,1,1,-1,-1,1,23,29,0,-1,1,-1,4
-0.7276935270069581,0,1,0,0,0,1,2,1,0,0,-1,0,39,50,0,-1,0,-1,4
-0.593597905594566,1,2,0,-1,0,0,0,1,0,0,2,0,27,50,1,-1,1,-1,4
0.1215787419381922,1,2,2,-1,0,1,-1,1,0,2,2,2,28,50,1,2,2,1,4
1.0155495513541395,0,1,0,1,0,0,1,0,2,0,0,1,36,50,2,-1,-1,-1,1
0.1215787419381922,0,1,-1,-1,-1,-1,-1,1,1,0,0,0,22,21,0,-1,-1,-1,1
-0.763452359383596,1,1,1,1,0,1,1,1,1,2,-1,0,51,50,0,1,0,1,4
-0.7706041258589237,-1,-1,0,1,0,1,-1,2,1,0,0,1,39,16,1,0,-1,-1,4
-0.7706041258589237,-1,-1,1,1,0,0,1,1,1,0,2,2,36,50,1,1,-1,-1,0
1.9095203607700877,1,2,1,0,0,1,1,0,0,0,2,2,28,50,1,2,-1,1,4
0.1215787419381922,0,0,0,-1,2,1,-1,1,2,1,0,0,40,50,2,2,-1,-1,2
-0.593597905594566,2,2,1,-1,0,0,1,1,1,1,-1,2,35,50,1,2,2,1,5
0.1215787419381922,2,0,0,2,0,1,0,1,2,1,2,2,38,50,0,-1,-1,1,4
0.1215787419381922,1,0,1,1,1,1,1,0,2,2,2,1,29,50,2,1,-1,1,1
-0.7706041258589237,-1,-1,1,-1,0,-1,-1,1,1,1,0,0,43,33,1,1,-1,-1,1
1.0155495513541395,0,2,1,1,1,1,1,0,1,2,2,2,31,50,2,1,1,1,5
0.1215787419381922,0,1,2,-1,0,1,1,0,2,1,0,0,45,50,1,1,-1,-1,1
0.1215787419381922,1,1,0,1,0,0,0,0,0,0,2,1,26,50,1,0,1,-1,4
0.1215787419381922,2,2,2,-1,0,2,1,2,0,0,0,0,42,50,2,2,2,-1,5
0.1215787419381922,1,1,0,2,1,1,0,0,0,1,0,0,28,50,2,1,1,-1,2
-0.7276935270069581,-1,2,0,1,1,-1,1,1,1,0,2,0,28,49,1,0,-1,-1,4
0.1215787419381922,0,2,1,2,2,0,1,2,1,2,2,2,39,50,1,2,-1,1,5
-0.7276935270069581,1,1,1,1,1,1,1,0,1,0,0,0,34,50,1,1,1,1,5
-0.593597905594566,0,2,1,2,1,1,0,1,0,2,2,2,28,50,2,1,1,1,4
1.0155495513541395,2,1,0,1,0,1,1,0,2,2,0,0,35,50,1,0,1,-1,1
-0.7276935270069581,1,1,0,-1,1,1,1,2,0,0,0,0,42,10,1,-1,0,-1,4
-0.7706041258589237,-1,-1,0,0,0,1,1,1,1,0,0,1,29,49,2,-1,-1,1,1
-0.7706041258589237,-1,-1,0,-1,0,1,0,1,1,1,-1,2,34,19,1,0,-1,1,2
-0.593597905594566,1,1,2,1,1,0,0,1,1,0,2,0,28,10,2,0,-1,-1,1
1.0155495513541395,0,0,-1,-1,-1,-1,-1,0,0,0,0,0,22,40,1,-1,2,0,2
-0.593597905594566,2,1,2,2,1,1,1,1,2,2,2,2,28,50,1,2,0,1,4
-0.7706041258589237,-1,-1,0,1,1,1,1,1,1,1,2,2,26,50,2,0,-1,1,4
1.9095203607700877,1,1,0,1,1,1,1,1,1,2,2,1,21,2,0,-1,-1,-1,4
-0.593597905594566,0,2,1,1,1,1,1,2,1,2,2,2,38,33,0,1,1,1,5
1.9095203607700877,2,1,1,1,1,0,0,1,1,1,2,2,33,50,1,1,1,1,5
0.1215787419381922,1,1,0,1,1,1,1,0,2,1,2,2,28,50,1,1,2,1,4
-0.593597905594566,2,1,0,2,1,1,0,0,1,2,-1,2,32,50,1,0,2,1,4
-0.763452359383596,-1,0,0,1,1,1,-1,0,1,1,-1,2,24,2,1,-1,-1,1,4
1.0155495513541395,1,1,0,1,1,1,0,1,2,1,2,1,35,50,2,0,1,1,4
-0.7706041258589237,-1,-1,1,1,0,1,0,1,1,2,0,0,41,47,1,1,-1,1,1
-0.7706041258589237,-1,-1,0,2,1,0,0,2,2,2,2,0,38,50,2,0,-1,-1,1
1.9095203607700877,1,1,0,2,2,0,-1,0,2,1,2,2,24,50,1,0,-1,1,4
0.1215787419381922,2,2,1,-1,0,1,-1,2,1,0,2,2,30,50,1,2,2,1,4
0.1215787419381922,2,0,1,2,2,0,-1,0,2,2,0,0,47,50,1,2,-1,0,4
1.9095203607700877,1,0,-1,-1,-1,-1,-1,2,2,0,0,0,26,50,0,-1,1,-1,4
0.1215787419381922,2,0,1,1,1,1,-1,0,1,0,-1,2,32,50,2,2,1,1,2
0.1215787419381922,0,0,0,1,0,0,0,0,2,2,2,1,32,50,1,-1,0,1,1
1.0155495513541395,0,2,1,1,1,1,1,0,0,0,-1,2,37,50,2,1,1,-1,5
-0.7706041258589237,-1,-1,0,1,1,1,1,1,1,0,0,0,33,33,1,1,-1,-1,4
-0.7276935270069581,-1,0,0,1,1,0,0,0,1,2,-1,1,28,49,1,0,1,-1,2
-0.593597905594566,0,1,-1,-1,-1,-1,-1,2,2,0,0,0,22,33,0,-1,1,-1,2
1.0155495513541395,1,1,1,1,1,1,1,1,0,0,2,2,30,50,1,1,1,0,4
-0.7706041258589237,-1,-1,1,1,1,1,0,0,1,2,2,0,42,50,2,1,-1,1,1
0.1215787419381922,1,1,0,1,1,0,1,2,0,1,-1,0,34,50,0,1,1,-1,2
-0.7276935270069581,2,0,1,1,1,1,1,0,0,2,0,1,32,50,1,2,2,1,4
0.1215787419381922,0,2,1,2,2,0,0,1,1,2,2,2,37,49,2,0,1,1,4
-0.7706041258589237,-1,-1,1,1,0,0,1,2,2,-1,2,0,31,50,2,1,-1,1,1
-0.593597905594566,0,1,0,0,1,1,0,1,2,0,2,2,31,50,2,0,2,0,4
-0.593597905594566,1,1,0,1,1,1,0,1,1,0,-1,0,26,13,2,0,2,-1,5
-0.7706041258589237,-1,-1,0,-1,0,1,-1,1,1,0,-1,1,30,50,1,1,-1,1,4
0.1215787419381922,2,1,1,1,1,2,1,0,1,1,2,2,36,50,1,2,-1,1,1
0.1215787419381922,0,0,1,1,0,1,0,0,1,2,2,0,38,50,2,1,-1,-1,1
-0.593597905594566,2,2,-1,-1,-1,-1,-1,0,0,0,0,2,24,50,1,-1,1,0,4
0.1215787419381922,0,0,0,1,1,0,-1,1,1,0,-1,2,26,50,1,-1,-1,0,1
1.9095203607700877,1,1,1,1,1,1,1,1,2,2,2,1,37,50,0,2,-1,1,4
-0.593597905594566,1,1,0,1,0,0,0,1,1,1,2,2,27,49,0,0,0,1,1
-0.7706041258589237,-1,-1,0,0,1,1,-1,1,1,1,0,0,32,46,2,0,-1,1,5
-0.593597905594566,1,2,0,-1,0,2,1,2,1,0,0,0,32,33,0,-1,2,0,5
-0.7276935270069581,1,2,-1,-1,-1,-1,-1,1,0,0,-1,2,30,33,0,-1,0,1,4
-0.593597905594566,0,2,0,1,0,0,0,2,0,0,0,2,26,21,2,1,-2,1,4
-0.7706041258589237,-1,-1,0,0,0,1,1,1,1,0,2,2,27,49,0,-1,-1,1,4
-0.7706041258589237,-1,-1,2,2,1,0,0,0,2,1,-1,2,27,33,2,2,-1,0,2
-0.593597905594566,0,1,0,1,0,1,1,2,1,0,2,1,29,13,2,-1,-1,-1,5
0.1215787419381922,1,1,0,1,0,1,0,0,1,0,0,0,23,50,0,-1,-1,-1,2
0.1215787419381922,2,2,1,1,0,1,1,2,0,0,2,0,30,50,1,1,1,1,1
1.9095203607700877,0,0,0,1,1,0,0,0,1,2,2,2,40,50,1,-1,-1,-1,2
0.1215787419381922,1,0,1,2,1,0,1,0,1,2,-1,1,46,50,1,1,-2,1,0
-0.593597905594566,1,2,0,-1,0,2,-1,1,0,0,0,0,26,50,1,-1,-1,-1,4
1.9095203607700877,2,0,2,-1,1,-1,-1,2,1,1,-1,0,30,50,1,2,-1,-1,1
0.1215787419381922,0,0,0,2,1,0,1,0,2,0,0,0,27,50,2,0,-1,-1,5
-0.7706041258589237,-1,-1,2,1,1,1,1,1,2,0,2,2,35,50,2,2,-1,1,4
0.1215787419381922,0,2,0,1,1,1,0,1,1,1,2,0,35,2,2,-1,1,-1,4
-0.593597905594566,1,1,0,1,0,1,1,2,2,1,2,2,29,33,0,-1,1,1,2
0.1215787419381922,-1,2,0,1,1,0,1,1,0,0,0,0,34,49,1,1,2,-1,4
-0.7706041258589237,-1,-1,0,2,2,1,1,0,2,1,0,0,27,50,1,0,-1,-1,1
0.1215787419381922,-1,1,0,1,1,0,-1,1,1,1,0,1,39,49,1,0,-1,-1,2
0.1215787419381922,-1,2,0,2,2,1,0,1,0,2,0,0,27,49,1,0,1,-1,5
1.0155495513541395,0,1,0,1,0,1,0,2,0,0,0,0,31,15,1,0,1,1,4
-0.593597905594566,0,0,0,-1,0,1,-1,1,2,2,0,0,26,49,0,-1,-1,-1,1
-0.593597905594566,0,2,1,1,1,1,1,1,2,2,2,1,44,50,2,2,0,1,0
0.1215787419381922,0,1,0,1,0,1,0,0,2,1,0,0,27,50,1,2,0,-1,1
0.1215787419381922,1,1,0,-1,0,0,-1,0,1,0,2,2,57,50,1,-1,1,0,5
-0.7706041258589237,-1,-1,1,-1,0,1,2,2,0,2,-1,0,34,50,1,2,-1,-1,5
-0.7706041258589237,-1,-1,1,1,1,1,1,1,1,0,2,2,38,50,1,2,-1,1,5
-0.7706041258589237,-1,-1,1,-1,0,1,1,1,0,1,-1,1,55,50,2,1,-1,-1,1
-0.7706041258589237,-1,-1,1,1,1,1,-1,0,2,2,2,1,28,14,1,0,-1,1,1
1.9095203607700877,1,0,0,-1,0,-1,-1,0,2,2,-1,1,35,50,0,0,0,3,5
0.1215787419381922,0,1,1,1,1,0,1,0,2,1,-1,2,26,50,2,1,-1,3,4
-0.7276935270069581,1,1,0,-1,0,-1,-1,2,0,0,0,1,22,50,0,0,2,-1,4
0.1215787419381922,1,1,1,-1,0,1,1,0,1,0,0,0,31,50,1,2,1,-1,1
-0.593597905594566,0,0,-1,-1,-1,-1,-1,1,0,-1,0,0,31,49,0,-1,-1,-1,1
-0.7706041258589237,-1,-1,-1,-1,-1,-1,-1,0,1,2,0,0,40,21,1,-1,-1,-1,4
1.9095203607700877,2,1,1,1,0,0,-1,1,0,1,0,2,26,50,1,1,0,1,4
-0.763452359383596,-1,0,1,2,1,1,0,0,2,2,2,2,36,50,1,1,-2,1,2
-0.593597905594566,2,2,2,1,0,1,1,2,0,0,2,2,33,50,1,2,1,1,4
1.0155495513541395,1,2,-1,-1,-1,-1,-1,1,0,0,2,2,24,50,1,-1,2,1,2
-0.7276935270069581,0,0,0,0,1,-1,0,0,2,0,2,1,22,52,1,0,2,3,2
-0.7276935270069581,2,1,2,0,0,1,-1,0,0,1,2,1,33,50,2,2,-1,1,4
1.9095203607700877,0,1,-1,-1,-1,-1,-1,2,2,1,0,2,37,50,1,-1,1,1,4
-0.7276935270069581,1,2,0,1,0,1,1,1,0,2,0,1,29,50,2,-1,2,1,4
-0.763452359383596,-1,2,2,1,0,1,1,1,1,0,-1,0,38,50,1,1,0,-1,1
-0.763452359383596,-1,0,1,-1,0,0,-1,0,2,1,2,1,33,50,1,1,0,1,4
-0.763452359383596,1,0,1,1,1,0,0,0,2,2,2,1,44,10,2,2,0,0,1
-0.7276935270069581,1,1,0,1,1,1,1,1,0,0,2,2,23,50,1,1,1,0,5
-0.7706041258589237,-1,-1,0,1,0,1,0,1,1,0,0,0,30,50,1,-1,-1,-1,4
1.9095203607700877,0,0,0,2,2,0,0,1,2,2,-1,2,30,50,0,0,-2,1,5
-0.593597905594566,0,2,1,-1,1,0,2,1,2,0,0,0,28,50,1,2,0,-1,2
-0.593597905594566,2,1,0,2,1,0,0,1,0,1,-1,1,39,50,0,0,1,-1,2
-0.7276935270069581,0,0,1,-1,0,0,0,2,1,1,2,2,24,50,0,2,-1,0,4
-0.7706041258589237,-1,-1,2,1,1,1,0,1,1,2,2,2,27,49,2,0,-1,1,5
1.9095203607700877,2,1,1,0,0,1,1,2,2,1,2,2,35,50,1,1,1,1,4
-0.7276935270069581,0,2,0,-1,1,-1,0,1,1,0,2,1,23,50,0,-1,0,-1,1
1.9095203607700877,1,1,0,1,0,0,1,1,1,0,2,0,37,50,1,-1,2,-1,2
-0.7276935270069581,1,1,0,1,1,1,1,1,1,-1,0,0,35,50,1,-1,1,-1,1
-0.593597905594566,2,1,0,-1,1,1,-1,2,0,1,-1,1,27,50,1,-1,0,1,1
-0.763452359383596,1,1,1,0,0,1,2,1,1,0,2,1,27,50,2,-1,2,1,2
1.9095203607700877,1,0,1,-1,1,1,1,0,2,0,0,0,27,50,0,1,-1,-1,1
-0.7276935270069581,1,0,1,1,1,1,0,0,2,0,2,2,42,50,1,1,1,1,2
-0.7276935270069581,1,1,0,0,0,1,0,1,1,0,2,1,26,19,1,2,-1,1,2
0.1215787419381922,0,0,0,1,0,0,1,1,1,0,0,0,28,9,0,0,0,-1,1
-0.7276935270069581,0,0,2,2,0,0,0,2,2,0,0,0,28,50,1,2,-1,-1,4
0.1215787419381922,0,0,1,1,1,0,1,1,1,0,2,0,32,50,1,1,-1,1,4
-0.7706041258589237,-1,-1,1,1,1,1,1,2,1,0,-1,2,43,50,2,2,-1,-1,5
-0.593597905594566,1,1,1,1,0,1,1,2,1,1,-1,2,34,50,0,1,0,1,4
-0.7276935270069581,1,0,0,-1,1,0,-1,1,1,0,0,1,61,50,1,-1,0,1,2
-0.7706041258589237,-1,-1,1,1,0,1,1,1,0,1,2,2,50,50,2,1,-1,1,4
-0.7706041258589237,-1,-1,-1,-1,-1,-1,-1,0,1,2,2,2,38,25,1,-1,-1,3,0
-0.7276935270069581,1,1,-1,-1,-1,-1,-1,2,1,2,2,2,51,21,1,-1,-1,1,4
-0.7706041258589237,-1,-1,0,0,0,2,0,2,2,1,0,0,38,27,1,0,-1,0,5
1.0155495513541395,1,2,0,-1,1,1,-1,2,1,0,2,2,34,50,2,-1,2,1,5
-0.7276935270069581,-1,2,-1,-1,-1,-1,-1,1,0,0,0,1,43,50,2,-1,-1,1,4
0.1215787419381922,0,0,1,1,0,1,1,1,1,2,0,1,43,50,1,1,-1,-1,1
-0.7276935270069581,1,0,0,2,0,1,0,0,1,2,2,2,44,50,2,0,-1,3,5
0.1215787419381922,0,1,1,1,1,1,0,0,1,1,-1,1,35,50,1,1,2,1,1
-0.593597905594566,2,1,0,1,1,1,1,2,0,0,0,0,50,50,2,1,2,-1,4
0.1215787419381922,2,1,1,1,1,0,1,2,1,0,0,1,29,50,1,2,-2,1,1
0.1215787419381922,2,2,0,2,2,2,-1,1,0,0,2,2,29,50,0,-1,2,1,5
1.0155495513541395,0,2,1,-1,1,1,1,1,1,0,-1,0,36,10,1,1,2,-1,5
-0.7706041258589237,-1,-1,0,0,0,1,0,0,1,2,2,1,33,2,1,0,-1,1,1
-0.7706041258589237,-1,-1,2,2,1,1,0,0,1,2,0,1,50,2,1,0,-1,1,4
1.9095203607700877,1,0,1,1,1,1,0,0,1,1,0,1,46,50,2,1,-1,1,4
-0.7706041258589237,-1,-1,2,2,0,0,0,1,2,2,2,2,44,34,2,0,-1,0,4
-0.7276935270069581,1,1,1,1,1,0,0,1,1,1,-1,1,41,50,1,1,0,1,1
1.9095203607700877,0,1,2,0,0,0,2,0,1,1,0,1,31,10,1,2,1,0,1
-0.763452359383596,2,0,0,2,0,0,0,1,2,2,2,2,55,50,1,0,-2,3,5
-0.593597905594566,-1,1,1,1,1,1,0,0,2,1,0,0,34,50,1,1,-2,0,1
-0.7276935270069581,2,2,0,2,1,1,1,2,2,2,2,2,28,50,2,1,-1,3,4
-0.7276935270069581,0,1,0,-1,1,1,-1,1,1,2,2,2,33,50,1,-1,-2,1,4
0.1215787419381922,0,1,1,2,1,1,1,0,1,2,2,0,29,50,1,1,0,1,5
1.9095203607700877,1,1,2,2,2,0,0,1,1,1,2,2,33,50,1,2,-1,1,4
-0.7706041258589237,-1,-1,-1,-1,-1,-1,-1,2,1,-1,-1,0,28,50,1,-1,-1,-1,1
1.9095203607700877,2,0,2,1,1,1,0,2,1,2,2,2,28,50,1,1,-1,1,4
-0.593597905594566,0,2,1,1,0,1,0,0,1,0,2,0,32,50,1,1,-1,-1,4
-0.7276935270069581,2,0,2,1,1,0,1,2,1,2,2,1,36,50,0,1,0,-1,2
1.9095203607700877,1,0,0,0,0,0,-1,2,2,0,0,1,45,49,1,0,1,3,0
-0.7706041258589237,-1,-1,0,1,0,-1,1,2,0,2,0,0,29,49,2,0,-1,-1,1
1.9095203607700877,0,0,-1,-1,-1,-1,-1,2,0,0,0,0,23,20,0,-1,1,-1,1
-0.7706041258589237,-1,-1,2,0,1,1,1,1,1,2,2,1,54,10,2,0,-1,1,4
-0.7706041258589237,-1,-1,1,1,1,1,0,1,2,1,2,2,61,50,1,1,-1,1,4
-0.593597905594566,1,0,1,1,1,1,1,0,2,0,2,2,29,50,1,1,-1,1,4
-0.593597905594566,-1,0,0,1,0,1,1,2,2,2,-1,0,31,2,1,-1,0,1,2
-0.7706041258589237,-1,-1,0,2,1,0,0,0,1,2,0,0,37,50,2,1,-1,1,1
-0.7276935270069581,0,0,0,1,1,0,-1,1,1,2,2,1,29,21,0,0,-1,1,4
-0.7706041258589237,-1,-1,0,-1,0,0,0,1,0,1,0,0,28,49,2,0,-1,1,5
-0.593597905594566,1,1,0,1,1,0,-1,2,0,0,0,2,30,49,1,-1,1,1,4
1.9095203607700877,1,2,0,1,1,1,1,0,1,0,0,0,55,49,2,-1,1,1,5
-0.7276935270069581,0,1,2,0,0,1,1,0,1,0,2,2,38,50,0,1,0,0,4
-0.7276935270069581,1,0,-1,-1,-1,-1,-1,2,2,-1,-1,0,20,10,1,-1,1,-1,4
0.1215787419381922,2,0,1,-1,0,1,-1,2,0,0,2,0,25,50,1,1,0,1,5
-0.7706041258589237,-1,-1,2,1,1,0,-1,1,2,1,-1,1,22,44,2,2,-1,-1,0
-0.7706041258589237,-1,-1,0,-1,1,1,-1,1,1,0,0,2,35,49,1,0,-1,1,5
-0.593597905594566,0,0,-1,-1,-1,-1,-1,1,0,0,-1,2,27,50,0,-1,-2,0,1
-0.7276935270069581,-1,0,1,1,1,0,-1,1,1,1,2,2,24,50,1,1,1,-1,2
-0.7706041258589237,-1,-1,2,0,0,2,1,1,0,0,0,2,39,2,2,2,-1,1,5
-0.593597905594566,1,0,0,0,0,0,-1,1,0,1,-1,1,29,7,0,0,0,-1,0
-0.593597905594566,1,1,1,2,0,1,-1,0,2,0,2,2,40,50,0,1,1,1,4
-0.763452359383596,0,0,0,1,1,1,0,0,2,1,2,1,30,50,2,0,-1,1,0
-0.593597905594566,0,2,2,0,0,0,2,0,1,0,0,0,32,10,1,1,1,-1,4
-0.7706041258589237,-1,-1,0,1,0,0,1,1,2,1,-1,1,34,21,1,0,-1,-1,4
-0.7276935270069581,1,1,1,1,1,1,1,2,0,1,0,2,35,10,1,1,2,1,1
-0.7706041258589237,-1,-1,1,1,1,0,0,1,1,2,2,1,30,50,1,0,-1,-1,4
-0.7276935270069581,0,1,0,1,0,1,1,1,1,1,2,0,36,49,0,0,-1,-1,1
-0.593597905594566,0,1,1,0,0,2,2,2,0,1,-1,0,26,45,1,-1,0,-1,4
1.0155495513541395,1,2,1,1,1,-1,1,0,2,2,2,0,31,33,0,1,1,1,4
-0.593597905594566,-1,0,0,1,1,-1,0,2,1,0,2,0,33,43,0,0,2,-1,4
-0.7706041258589237,-1,-1,-1,-1,-1,-1,-1,2,2,-1,2,2,30,49,1,-1,-1,1,4
-0.593597905594566,1,0,1,-1,1,1,1,1,0,2,0,2,46,49,2,-1,1,0,2
0.1215787419381922,0,2,1,1,1,1,1,2,1,0,2,0,32,50,1,1,0,1,4
0.1215787419381922,1,1,0,-1,1,0,-1,0,1,1,0,0,34,50,1,-1,2,-1,1
0.1215787419381922,1,1,1,1,1,0,0,1,1,2,2,2,41,50,2,1,1,1,4
0.1215787419381922,1,2,2,1,1,1,1,2,1,2,0,0,32,50,2,2,2,-1,4
1.9095203607700877,0,0,1,1,1,1,-1,0,2,1,2,0,47,50,1,2,-1,1,4
0.1215787419381922,0,0,0,1,1,0,1,0,1,0,2,0,29,50,2,-1,2,-1,1
0.1215787419381922,1,2,0,1,0,1,1,1,2,0,-1,0,36,50,1,-1,-1,0,4
0.1215787419381922,2,1,1,1,0,1,1,1,2,0,2,2,32,50,1,1,-1,1,4
0.1215787419381922,0,1,1,-1,1,1,1,1,1,0,2,1,29,50,1,1,0,-1,4
-0.763452359383596,-1,2,0,2,1,0,0,1,0,0,0,0,22,49,0,0,2,-1,4
1.9095203607700877,2,0,0,2,1,1,0,0,2,2,2,2,32,50,1,0,2,3,5
1.9095203607700877,1,0,0,0,1,-1,-1,0,1,0,0,0,19,50,0,0,0,-1,2
-0.7276935270069581,-1,2,0,0,0,2,2,2,0,0,0,0,30,43,1,0,2,-1,1
1.9095203607700877,1,1,0,1,1,1,1,1,1,0,0,0,22,50,1,-1,1,-1,2
-0.7706041258589237,-1,-1,-1,-1,-1,-1,-1,0,0,-1,2,0,30,38,2,-1,-1,-1,4
-0.7276935270069581,0,1,-1,-1,-1,-1,-1,2,0,0,0,0,33,42,1,-1,-1,-1,4
-0.7276935270069581,1,0,0,1,1,0,0,1,2,1,0,0,48,49,0,0,-2,0,2
1.9095203607700877,0,0,0,1,1,-1,0,1,1,0,0,0,45,21,0,0,-1,-1,2
-0.593597905594566,1,1,0,1,0,1,1,1,0,1,2,0,28,49,1,0,2,0,4
0.1215787419381922,0,1,0,1,0,1,-1,1,0,1,2,0,44,50,1,-1,-1,-1,2
-0.7276935270069581,-1,0,1,1,1,1,0,0,0,0,0,0,31,50,1,1,-1,-1,4
-0.593597905594566,1,2,-1,-1,-1,-1,-1,1,0,0,-1,2,31,50,1,-1,1,1,4
1.9095203607700877,0,2,0,0,0,2,-1,1,0,0,0,0,29,50,0,-1,2,-1,5
1.9095203607700877,2,0,-1,-1,-1,-1,-1,2,0,1,0,0,26,50,0,-1,-1,-1,4
0.1215787419381922,2,2,1,2,1,0,0,0,0,0,2,2,35,50,1,1,0,1,5
-0.7706041258589237,-1,-1,0,-1,0,1,2,1,1,1,-1,0,44,3,1,-1,-1,-1,4
-0.7276935270069581,0,0,2,-1,0,-1,1,1,2,2,2,2,45,50,2,1,-1,1,4
-0.7276935270069581,1,0,-1,-1,-1,-1,-1,1,2,0,2,2,22,50,1,-1,1,1,4
0.1215787419381922,2,1,1,1,0,1,0,1,1,2,-1,1,34,50,1,1,-1,1,4
-0.593597905594566,1,1,0,1,1,0,1,1,2,2,-1,1,35,49,0,1,1,-1,4
-0.7706041258589237,-1,-1,2,2,0,-1,1,0,2,2,2,2,39,50,1,1,-1,1,4
-0.7276935270069581,2,0,0,2,0,0,-1,0,2,0,2,1,26,16,0,0,-1,-1,5
-0.7706041258589237,-1,-1,1,-1,0,-1,-1,1,1,0,0,0,41,50,1,1,-1,-1,1
1.9095203607700877,1,1,2,1,0,1,1,1,1,2,2,2,24,2,1,0,-1,1,5
-0.7276935270069581,0,1,0,-1,1,1,-1,2,0,2,2,2,24,50,0,0,1,1,1
-0.593597905594566,2,1,2,1,1,0,1,2,1,0,0,2,34,50,1,1,0,1,4
-0.593597905594566,-1,1,0,1,0,1,0,1,1,1,0,0,36,2,1,0,2,-1,5
1.0155495513541395,2,0,1,1,1,0,1,1,2,2,2,1,41,2,1,1,-1,1,4
1.9095203607700877,1,1,0,1,0,1,1,1,0,2,0,2,21,50,0,-1,1,1,4
0.1215787419381922,1,1,0,-1,1,1,0,1,1,2,-1,2,33,4,1,0,1,1,4
1.9095203607700877,1,2,0,-1,2,1,0,2,0,-1,2,0,32,25,2,0,1,1,4
1.9095203607700877,2,2,-1,-1,-1,-1,-1,0,0,0,-1,2,62,50,0,-1,0,1,5
-0.593597905594566,2,1,-1,-1,-1,-1,-1,1,1,1,2,2,37,50,1,-1,-1,1,4
-0.593597905594566,1,2,0,0,0,2,-1,2,0,0,-1,1,32,50,2,-1,1,0,4
1.9095203607700877,2,1,2,-1,1,1,-1,0,1,0,0,0,31,50,1,2,-2,1,1
-0.7276935270069581,1,0,-1,-1,-1,-1,-1,1,2,0,2,1,28,50,1,-1,0,1,4
-0.7706041258589237,-1,-1,1,1,1,1,0,1,1,1,2,2,48,50,2,1,-1,1,4
-0.7706041258589237,-1,-1,1,2,2,1,-1,0,1,2,2,2,40,50,1,1,-1,3,1
-0.593597905594566,2,1,0,0,0,1,-1,1,1,0,0,2,29,35,0,-1,2,1,2
-0.593597905594566,2,2,0,-1,0,0,-1,0,1,0,-1,0,33,21,0,0,-1,-1,1
-0.593597905594566,1,1,0,0,0,2,2,1,0,0,2,0,27,19,1,-1,1,-1,1
-0.593597905594566,-1,1,-1,-1,-1,-1,-1,2,0,0,0,0,24,2,1,-1,2,-1,1
-0.7706041258589237,-1,-1,-1,-1,-1,-1,-1,2,1,-1,2,2,28,33,1,-1,-1,3,1
-0.763452359383596,2,2,0,-1,1,1,-1,2,0,0,2,1,42,50,2,-1,2,-1,5
-0.593597905594566,-1,1,0,-1,0,1,-1,0,0,0,0,0,28,49,1,0,-1,-1,1
1.0155495513541395,0,1,1,1,1,1,0,1,1,2,2,2,40,10,2,1,-1,1,5
1.9095203607700877,1,0,0,1,1,0,0,0,0,-1,2,1,32,50,2,2,2,1,0
-0.7706041258589237,-1,-1,0,1,2,1,0,1,2,1,0,1,33,50,2,1,-1,0,4
-0.7706041258589237,-1,-1,-1,-1,-1,-1,-1,0,2,0,0,1,40,50,2,-1,-1,-1,2
-0.7276935270069581,2,0,0,1,1,1,0,0,1,0,2,2,26,50,0,1,2,1,4
0.1215787419381922,1,2,0,1,1,1,1,1,1,1,2,2,39,50,1,1,1,1,4
1.0155495513541395,-1,2,0,1,1,1,-1,1,0,-1,0,1,38,49,0,-1,2,-1,4
1.9095203607700877,0,0,0,1,1,1,0,0,2,0,2,2,34,50,1,1,-2,1,2
-0.593597905594566,-1,2,0,-1,1,1,1,0,0,2,-1,2,44,33,0,-1,-2,1,5
-0.7706041258589237,-1,-1,0,1,0,1,-1,2,2,2,0,1,54,49,2,0,-1,-1,4
0.1215787419381922,0,2,2,1,2,0,0,2,0,0,0,0,24,37,2,0,2,-1,5
-0.7276935270069581,2,2,1,1,0,0,0,2,0,2,2,2,31,50,1,1,1,1,5
1.9095203607700877,-1,2,1,2,2,1,0,2,1,2,2,2,30,2,1,2,2,0,5
-0.7706041258589237,-1,-1,0,2,0,-1,-1,1,2,2,-1,0,34,50,2,1,-1,-1,2
1.9095203607700877,1,1,0,0,0,2,1,1,1,0,0,0,27,50,1,1,-2,-1,4
1.9095203607700877,0,0,-1,-1,-1,-1,-1,0,1,0,0,2,29,50,0,-1,0,1,4
-0.7706041258589237,-1,-1,1,1,1,-1,1,1,2,2,0,1,43,50,1,1,-1,-1,1
-0.7276935270069581,1,0,0,-1,1,1,1,2,2,2,0,1,27,35,0,-1,-1,-1,1
-0.7276935270069581,-1,1,0,-1,0,1,0,1,2,2,0,2,29,49,0,0,-1,1,4
-0.7276935270069581,-1,1,0,-1,0,1,-1,2,0,0,0,0,29,49,0,-1,1,-1,1
1.9095203607700877,1,1,0,-1,0,1,1,0,1,1,-1,2,42,50,1,-1,-1,-1,2
-0.7276935270069581,1,0,1,1,1,0,0,1,1,0,2,0,26,50,2,-1,-1,-1,4
-0.7276935270069581,1,2,0,1,1,1,1,1,1,2,2,0,26,46,1,0,2,1,4
-0.7706041258589237,-1,-1,0,2,0,1,0,2,2,2,2,2,34,49,1,0,-1,1,4
0.1215787419381922,2,0,0,1,0,-1,0,2,2,1,-1,0,24,50,1,-1,-1,-1,4
1.9095203607700877,0,0,0,2,1,1,-1,1,2,1,0,0,25,50,0,0,-1,-1,2
-0.7276935270069581,2,1,1,-1,0,1,1,2,0,0,0,0,22,50,1,2,2,-1,4
0.1215787419381922,1,1,1,1,0,1,-1,2,0,0,2,2,33,50,1,1,0,1,4
-0.593597905594566,0,1,2,0,0,2,2,2,0,0,0,0,53,50,2,2,2,-1,5
-0.593597905594566,2,1,2,1,0,2,1,0,0,2,2,2,32,10,0,2,1,1,5
-0.7276935270069581,-1,1,1,1,1,1,1,0,2,2,0,0,32,50,1,1,0,1,5
-0.7706041258589237,-1,-1,-1,-1,-1,-1,-1,0,2,2,0,1,55,50,1,-1,-1,1,0
-0.7276935270069581,0,1,1,-1,0,0,1,2,1,1,0,0,27,20,0,-1,-1,-1,4
-0.7276935270069581,-1,1,0,1,1,0,0,2,1,1,-1,0,34,49,2,0,1,1,2
-0.7276935270069581,-1,2,2,1,0,1,1,0,0,0,2,2,26,50,1,1,-1,0,4
1.9095203607700877,2,2,0,-1,0,1,1,1,0,0,2,1,39,49,1,-1,-1,0,4
-0.593597905594566,1,0,0,-1,0,1,0,0,0,0,0,1,32,50,0,0,1,-1,4
-0.7706041258589237,-1,-1,0,1,1,0,-1,1,1,2,0,1,46,49,1,0,-1,1,4
-0.7706041258589237,-1,-1,2,-1,1,1,1,0,2,0,0,0,52,50,1,2,-1,-1,4
-0.593597905594566,0,0,1,-1,1,0,-1,1,2,1,0,0,58,50,1,1,-1,-1,0
-0.7276935270069581,0,0,0,2,2,0,0,0,2,1,0,2,30,10,0,0,-2,1,4
-0.7706041258589237,-1,-1,0,1,1,-1,-1,1,1,0,0,0,46,45,1,0,-1,-1,4
1.9095203607700877,0,0,1,-1,0,0,-1,0,0,1,2,2,45,50,1,1,-1,-1,2
-0.763452359383596,-1,0,0,2,2,0,0,1,2,1,2,0,26,10,1,0,-2,-1,0
0.1215787419381922,2,0,0,-1,1,-1,-1,2,1,1,2,2,22,50,0,-1,-1,1,4
-0.7276935270069581,1,0,-1,-1,-1,-1,-1,1,0,0,2,0,21,50,1,-1,1,-1,5
1.9095203607700877,1,1,1,1,1,1,-1,1,0,1,-1,1,3,10,1,1,1,1,4
1.0155495513541395,0,0,1,2,1,0,1,1,1,1,0,0,34,50,1,0,-1,-1,4
-0.593597905594566,0,1,2,1,1,1,1,0,0,1,0,0,25,50,1,2,2,-1,2
-0.7276935270069581,1,1,1,1,1,0,0,1,1,2,2,2,27,50,1,1,2,3,4
-0.593597905594566,1,0,0,1,0,0,0,0,2,2,2,2,25,50,0,1,0,0,0
1.0155495513541395,2,2,0,-1,1,1,1,1,0,-1,-1,1,33,49,1,0,0,0,4
-0.7706041258589237,-1,-1,0,2,0,0,0,0,1,2,-1,2,26,10,2,0,-1,0,5
-0.7276935270069581,1,2,0,-1,1,0,-1,0,1,0,2,0,36,50,2,0,1,-1,1
-0.7276935270069581,0,0,0,1,1,1,1,0,1,1,-1,1,26,49,0,-1,0,1,4
-0.7276935270069581,1,1,0,0,0,2,1,2,0,1,-1,1,34,50,0,-1,0,-1,4
-0.593597905594566,2,1,1,2,0,1,0,0,2,2,2,2,34,50,1,2,-1,1,5
1.9095203607700877,2,1,1,-1,0,0,-1,0,0,0,-1,2,25,50,1,1,0,1,5
-0.7706041258589237,-1,-1,1,1,1,1,0,1,1,2,2,1,33,50,1,1,-1,1,4
-0.593597905594566,2,1,-1,-1,-1,-1,-1,0,2,0,2,0,27,10,1,-1,-2,-1,2
-0.593597905594566,1,0,0,1,1,1,1,1,1,1,0,0,24,10,0,1,-1,-1,4
1.9095203607700877,1,0,1,-1,1,1,-1,0,2,0,2,0,47,50,1,2,-1,1,4
-0.593597905594566,1,2,0,-1,1,-1,-1,2,1,1,0,0,37,50,1,-1,1,-1,4
0.1215787419381922,2,0,1,1,1,0,0,1,2,1,-1,2,30,50,2,1,-2,3,0
1.9095203607700877,0,0,1,1,0,1,1,1,2,2,0,0,42,50,0,2,1,-1,4
-0.7706041258589237,-1,-1,1,-1,1,1,0,0,2,-1,2,2,36,50,1,-1,-1,1,4
0.1215787419381922,0,0,0,-1,1,0,-1,0,0,1,-1,1,31,50,2,-1,2,-1,4
0.1215787419381922,1,1,0,1,0,0,-1,1,0,2,-1,1,28,50,2,-1,1,-1,5
-0.593597905594566,2,2,0,2,2,0,1,1,2,2,-1,2,36,50,1,0,0,1,4
-0.7276935270069581,2,1,2,1,1,1,1,0,1,0,2,2,36,50,0,2,-1,1,4
-0.593597905594566,0,0,2,-1,0,1,1,1,2,1,2,1,32,10,1,0,-1,1,1
-0.7706041258589237,-1,-1,0,2,1,1,-1,1,2,2,0,0,42,50,2,-1,-1,-1,4
0.1215787419381922,0,0,0,2,1,1,-1,1,1,1,0,1,41,50,0,0,1,0,1
-0.593597905594566,2,1,0,0,0,1,1,1,1,0,0,0,36,45,1,0,1,-1,2
-0.593597905594566,2,1,0,1,0,1,1,0,0,-1,2,2,23,50,1,2,0,-1,5
1.9095203607700877,2,1,2,1,1,0,0,1,1,1,2,2,54,50,0,1,0,1,4
-0.593597905594566,1,2,0,-1,0,-1,-1,1,0,1,0,0,34,50,0,-1,0,-1,1
-0.7276935270069581,0,2,0,1,2,1,-1,0,1,0,0,0,36,33,0,-1,2,-1,5
-0.763452359383596,2,1,0,1,1,-1,0,0,1,2,2,0,27,50,0,1,0,-1,5
0.1215787419381922,2,1,1,1,0,1,0,1,2,2,2,2,32,50,2,1,1,0,5
-0.7276935270069581,2,1,-1,-1,-1,-1,-1,1,1,1,-1,1,21,21,0,-1,-2,1,0
-0.763452359383596,0,2,0,0,0,2,-1,2,0,0,0,0,44,50,2,-1,1,-1,4
-0.593597905594566,1,1,1,0,0,1,1,0,1,0,-1,2,33,50,2,1,0,1,2
1.9095203607700877,0,0,0,1,1,0,1,2,2,2,2,2,38,49,1,-1,-2,1,0
1.9095203607700877,1,1,0,-1,0,1,0,1,2,2,2,0,38,27,1,-1,-1,1,4
-0.7706041258589237,-1,-1,2,0,0,1,1,0,0,0,-1,0,38,50,2,1,-1,-1,2
-0.763452359383596,0,0,2,1,2,-1,0,1,2,2,-1,0,22,7,2,0,-2,1,1
-0.7706041258589237,-1,-1,0,2,2,0,0,1,2,2,-1,2,33,50,1,0,-1,1,4
1.9095203607700877,0,0,0,1,1,1,1,1,2,2,2,0,27,10,0,0,-2,-1,1
-0.7706041258589237,-1,-1,2,1,0,1,-1,0,2,1,2,2,55,50,1,2,-1,1,2
-0.7276935270069581,0,2,0,1,1,0,0,0,1,1,2,2,66,50,1,-1,-1,1,4
-0.763452359383596,1,0,-1,-1,-1,-1,-1,0,2,-1,2,1,25,50,1,-1,-2,-1,1
-0.593597905594566,-1,1,0,-1,1,-1,1,1,1,2,-1,0,22,33,0,-1,0,-1,1
-0.593597905594566,0,2,0,-1,0,0,-1,1,1,1,0,0,29,7,1,0,1,1,2
0.1215787419381922,0,0,2,1,1,1,1,0,2,2,0,0,33,34,0,2,1,1,2
-0.7276935270069581,0,0,0,-1,1,0,-1,2,2,0,-1,0,27,45,0,-1,-1,-1,0
-0.7276935270069581,0,0,1,1,1,1,0,1,2,1,-1,1,44,50,1,1,-1,0,2
-0.7706041258589237,-1,-1,0,2,1,1,0,1,1,1,-1,2,38,9,1,0,-1,1,4
-0.7276935270069581,1,0,0,1,0,-1,-1,1,2,0,0,0,32,50,2,-1,-1,-1,4
1.0155495513541395,1,1,0,1,0,0,0,0,2,1,0,0,59,50,0,0,-2,-1,0
-0.7706041258589237,-1,-1,2,-1,1,1,0,2,1,1,-1,0,43,45,1,1,-1,-1,4
-0.7706041258589237,-1,-1,-1,-1,-1,-1,-1,1,1,-1,0,2,55,21,2,-1,-1,1,5
1.9095203607700877,2,2,2,-1,0,2,2,2,0,0,2,0,32,50,2,2,0,1,5
1.9095203607700877,-1,0,0,-1,0,0,0,1,2,1,-1,1,41,49,0,-1,-2,-1,0
-0.763452359383596,1,2,-1,-1,-1,-1,-1,2,1,0,2,2,38,50,2,-1,2,1,5
-0.7706041258589237,-1,-1,1,1,1,0,0,0,1,1,0,2,46,50,1,1,-1,1,0
1.9095203607700877,0,2,0,1,1,0,0,0,0,2,2,0,43,49,0,-1,-1,1,4
0.1215787419381922,2,1,0,2,2,1,0,0,0,2,2,2,29,50,2,1,2,1,2
-0.7706041258589237,-1,-1,0,0,0,1,-1,2,1,-1,-1,0,42,50,2,-1,-1,-1,4
0.1215787419381922,1,2,-1,-1,-1,-1,-1,0,2,0,0,0,25,50,0,-1,2,-1,1
-0.593597905594566,2,1,0,2,1,1,0,0,2,1,0,2,49,0,0,0,1,1,1
-0.593597905594566,0,0,0,2,2,0,0,0,1,1,2,2,36,50,2,0,-1,1,4
-0.7706041258589237,-1,-1,0,1,0,0,0,2,1,2,0,0,30,49,2,0,-1,-1,2
-0.593597905594566,1,1,0,-1,1,-1,-1,1,1,-1,2,0,28,50,1,0,-1,-1,4
1.9095203607700877,0,0,1,2,1,0,0,1,2,1,2,2,37,50,1,1,-1,1,2
-0.7276935270069581,2,0,0,1,1,1,0,0,2,2,2,2,23,50,1,0,-1,1,1
-0.7706041258589237,-1,-1,0,-1,0,-1,-1,2,1,-1,2,0,37,49,1,-1,-1,-1,1
-0.7706041258589237,-1,-1,0,1,1,1,1,1,1,1,0,2,42,33,2,-1,-1,3,5
1.9095203607700877,2,1,1,1,0,1,1,0,2,0,2,2,32,50,0,1,0,1,2
-0.763452359383596,-1,0,1,1,1,1,-1,1,1,1,-1,1,28,10,2,1,-1,-1,2
1.9095203607700877,1,0,1,1,0,1,-1,1,1,0,2,2,28,49,0,1,0,1,1
1.9095203607700877,2,0,-1,-1,-1,-1,-1,1,2,1,2,2,29,50,0,-1,1,1,4
0.1215787419381922,1,2,1,1,0,0,0,0,2,2,0,1,35,50,2,-1,-1,1,5
-0.7706041258589237,-1,-1,1,1,1,1,1,2,2,0,2,2,31,50,1,2,-1,1,4
-0.7706041258589237,-1,-1,0,1,1,-1,1,1,2,2,2,2,46,50,0,0,-1,1,4
-0.7706041258589237,-1,-1,0,-1,0,0,1,1,1,2,-1,1,19,50,1,-1,-1,1,4
1.0155495513541395,1,2,0,-1,0,1,-1,1,0,0,-1,1,35,45,2,-1,1,-1,4
1.9095203607700877,1,2,0,-1,0,1,-1,1,0,2,-1,0,31,49,1,-1,1,1,5
-0.7706041258589237,-1,-1,-1,-1,-1,-1,-1,1,1,0,0,0,31,50,1,-1,-1,-1,2
1.9095203607700877,2,1,0,-1,2,0,0,2,2,2,0,0,37,10,2,1,1,-1,4
-0.7276935270069581,1,2,0,1,1,1,0,1,0,0,2,2,34,50,1,0,2,0,5
-0.593597905594566,2,1,1,1,1,1,0,1,1,0,2,0,39,50,1,2,2,0,5
-0.7706041258589237,-1,-1,1,1,0,1,1,1,2,0,2,0,29,50,2,1,-1,-1,5
0.1215787419381922,2,0,1,1,0,0,1,2,2,2,2,2,29,50,2,1,-1,1,4
1.9095203607700877,1,2,1,0,0,1,1,2,1,0,2,0,63,50,1,2,2,0,4
-0.7706041258589237,-1,-1,1,1,1,1,1,1,1,1,0,2,45,2,0,1,-1,1,4
-0.7706041258589237,-1,-1,0,1,1,2,0,1,0,0,-1,1,35,22,2,0,-1,1,2
-0.7706041258589237,-1,-1,-1,-1,-1,-1,-1,1,2,2,2,1,32,49,2,-1,-1,3,2
-0.7706041258589237,-1,-1,0,2,1,0,0,2,2,2,-1,0,44,50,2,-1,-1,-1,0
-0.7706041258589237,-1,-1,1,-1,0,1,0,1,2,2,0,1,39,27,1,-1,-1,-1,4
-0.7706041258589237,-1,-1,1,1,1,1,0,0,2,2,2,1,55,50,1,1,-1,1,1
-0.7706041258589237,-1,-1,2,2,0,0,0,0,2,2,2,2,33,50,1,0,-1,1,2
-0.7276935270069581,0,2,0,1,1,1,2,0,0,0,0,0,19,25,2,0,2,-1,1
1.9095203607700877,0,0,0,2,1,0,0,0,2,2,2,1,40,50,2,0,1,1,4
1.9095203607700877,2,1,-1,-1,-1,-1,-1,1,0,0,2,0,49,50,1,-1,2,0,4
-0.7276935270069581,-1,2,0,0,0,1,1,1,0,0,-1,0,27,2,1,-1,2,-1,1
1.9095203607700877,2,0,1,2,0,1,0,2,2,2,2,2,39,50,0,1,1,1,4
1.9095203607700877,1,2,1,1,1,1,-1,2,0,1,0,2,35,49,0,1,0,0,5
-0.593597905594566,0,1,0,-1,1,1,1,1,1,-1,-1,1,35,50,1,-1,-1,1,4
-0.593597905594566,1,1,1,1,1,1,0,1,2,2,-1,2,42,50,1,1,-2,1,4
-0.7276935270069581,2,1,0,1,1,1,1,2,1,2,0,0,35,10,1,0,2,-1,4
0.1215787419381922,0,1,1,1,1,1,1,0,2,2,-1,0,31,50,1,1,-1,1,4
-0.7706041258589237,-1,-1,0,1,1,1,-1,1,0,0,2,2,44,49,2,0,-1,1,4
0.1215787419381922,2,0,0,-1,1,2,-1,1,1,0,-1,1,39,50,1,2,-1,1,2
-0.7706041258589237,-1,-1,0,-1,0,2,-1,1,1,0,-1,0,32,10,2,-1,-1,-1,1
1.9095203607700877,1,0,0,1,1,-1,1,2,1,1,0,0,45,34,1,-1,1,-1,5
-0.7706041258589237,-1,-1,0,-1,1,1,1,1,0,0,0,0,31,50,1,1,-1,-1,4
-0.7706041258589237,-1,-1,1,1,0,1,1,0,1,0,2,2,47,50,1,2,-1,1,4
-0.593597905594566,1,0,1,-1,0,1,1,2,1,0,2,0,29,50,1,1,-1,-1,2
-0.7276935270069581,0,2,-1,-1,-1,-1,-1,0,0,0,2,0,20,50,2,-1,-1,0,4
0.1215787419381922,-1,1,-1,-1,-1,-1,-1,0,2,0,2,0,34,50,0,-1,-2,-1,1
-0.7706041258589237,-1,-1,1,1,1,-1,1,0,2,1,2,1,56,50,2,2,-1,1,4
-0.7706041258589237,-1,-1,0,2,2,2,0,0,2,-1,2,2,35,10,1,-1,-1,1,0
0.1215787419381922,2,0,1,2,0,0,0,0,2,1,2,2,31,50,1,2,-1,1,1
1.9095203607700877,2,2,2,1,0,1,1,0,0,2,2,2,36,50,1,1,2,1,5
0.1215787419381922,2,0,0,1,2,0,0,2,1,2,2,2,30,50,2,0,1,-1,4
1.9095203607700877,1,1,1,-1,0,0,0,0,2,1,2,1,44,50,0,1,0,1,2
-0.763452359383596,1,1,0,1,1,1,1,1,1,0,-1,2,23,50,1,1,1,1,2
1.9095203607700877,0,0,-1,-1,-1,-1,-1,1,1,0,0,0,46,50,0,-1,-1,-1,4
0.1215787419381922,2,2,1,1,1,0,0,0,1,2,2,2,33,50,2,2,2,0,4
1.0155495513541395,2,1,0,1,0,1,1,1,2,1,2,1,32,50,0,-1,1,1,1
-0.7706041258589237,-1,-1,-1,-1,-1,-1,-1,1,1,2,0,1,45,36,1,-1,-1,1,4
-0.7276935270069581,0,2,0,0,0,1,-1,1,0,0,-1,2,26,50,1,-1,0,0,4
-0.7706041258589237,-1,-1,0,1,0,1,-1,1,1,1,0,0,32,50,2,-1,-1,-1,1
-0.7706041258589237,-1,-1,0,-1,0,2,0,1,0,0,0,0,44,50,1,-1,-1,-1,4
-0.7706041258589237,-1,-1,0,1,1,1,1,1,0,1,2,1,42,49,2,1,-1,-1,5
1.9095203607700877,0,2,0,-1,0,1,-1,0,1,0,0,0,30,50,1,-1,-1,-1,5
-0.7276935270069581,0,0,1,2,1,0,1,0,2,2,2,1,28,50,1,1,-1,-1,0
0.1215787419381922,2,2,2,1,0,1,0,1,0,2,2,2,31,10,2,2,1,1,5
0.1215787419381922,0,0,0,-1,1,1,0,1,1,0,-1,1,29,50,1,-1,-1,-1,0
-0.593597905594566,0,0,0,1,1,0,0,0,2,1,0,1,33,50,1,-1,1,-1,0
1.9095203607700877,2,1,0,1,1,0,-1,0,1,2,2,2,43,50,2,1,-1,1,2
0.1215787419381922,1,1,0,-1,0,0,1,1,0,0,0,1,28,2,2,1,2,0,4
-0.7706041258589237,-1,-1,-1,-1,-1,-1,-1,1,2,0,-1,1,42,50,2,-1,-1,1,1
0.1215787419381922,1,0,1,-1,0,0,-1,2,1,1,2,2,38,50,2,1,0,1,5
-0.7276935270069581,2,1,1,-1,0,0,1,2,1,2,0,1,30,50,1,1,1,0,4
-0.7706041258589237,-1,-1,2,2,1,0,0,1,2,2,2,2,51,50,1,2,-1,0,2
-0.593597905594566,0,0,1,2,1,1,1,0,2,2,0,0,48,50,0,1,1,-1,1
-0.7706041258589237,-1,-1,0,0,0,1,-1,1,1,-1,-1,1,39,34,2,0,-1,-1,4
-0.7276935270069581,0,0,0,2,2,0,0,0,2,2,0,0,28,2,1,0,0,-1,4
0.1215787419381922,2,1,1,1,0,1,1,1,1,1,2,1,37,50,2,2,1,1,4
1.9095203607700877,0,2,0,-1,0,1,0,1,1,1,-1,0,33,50,1,0,0,1,4
-0.7276935270069581,-1,0,-1,-1,-1,-1,-1,0,2,2,0,2,21,2,0,-1,-1,-1,2
-0.593597905594566,1,0,0,1,2,0,0,1,2,1,2,0,25,50,1,-1,-2,1,4
-0.7706041258589237,-1,-1,-1,-1,-1,-1,-1,1,1,-1,0,0,15,10,1,-1,-1,-1,1
0.1215787419381922,0,1,1,2,1,1,0,0,1,2,2,2,40,50,2,1,-1,1,5
0.1215787419381922,1,0,1,1,0,1,0,1,2,-1,2,1,30,10,1,1,0,-1,4
-0.7706041258589237,-1,-1,-1,-1,-1,-1,-1,1,1,0,-1,1,27,39,2,-1,-1,1,1
-0.763452359383596,0,1,-1,-1,-1,-1,-1,2,2,0,0,0,25,25,0,-1,2,0,5
1.9095203607700877,1,2,0,0,0,1,-1,0,0,0,0,0,38,21,1,2,1,-1,4
0.1215787419381922,0,1,0,-1,0,1,-1,2,1,0,2,1,24,49,0,-1,-1,1,4
-0.7276935270069581,-1,1,-1,-1,-1,-1,-1,2,0,0,0,0,23,49,0,-1,-1,-1,1
-0.7706041258589237,-1,-1,2,1,0,0,0,0,0,2,2,2,39,49,2,0,-1,1,4
-0.7276935270069581,1,2,-1,-1,-1,-1,-1,0,0,0,0,0,26,50,1,-1,0,-1,4
1.9095203607700877,1,0,0,-1,1,1,-1,1,2,0,0,0,43,49,0,-1,0,1,4
-0.7276935270069581,1,1,0,0,0,2,1,1,0,-1,2,1,30,34,2,0,2,-1,4
-0.7706041258589237,-1,-1,0,1,1,0,-1,0,2,0,0,2,35,21,2,1,-1,1,4
-0.593597905594566,0,0,-1,-1,-1,-1,-1,0,2,1,-1,1,40,49,1,-1,-2,-1,0
-0.593597905594566,0,0,2,0,1,2,2,1,2,1,2,2,33,49,0,0,-2,-1,4
-0.7706041258589237,-1,-1,-1,-1,-1,-1,-1,1,0,-1,0,1,35,8,1,-1,-1,1,4
-0.7276935270069581,0,0,0,2,1,0,-1,1,1,-1,-1,0,22,49,0,0,-1,-1,1
0.1215787419381922,1,1,0,1,0,-1,1,2,0,1,2,2,28,50,2,-1,-1,1,4
1.9095203607700877,2,0,2,2,0,0,0,0,2,0,2,2,39,50,1,1,-2,1,4
0.1215787419381922,0,2,0,1,1,1,1,1,0,1,-1,0,33,50,2,-1,2,-1,4
-0.7706041258589237,-1,-1,0,-1,0,1,-1,1,1,-1,0,0,25,49,2,-1,-1,-1,1
-0.7276935270069581,1,1,1,-1,1,1,1,0,1,0,0,0,37,50,1,-1,-1,-1,1
1.0155495513541395,0,0,0,-1,0,0,1,1,2,0,2,2,41,20,0,-1,-1,1,5
1.9095203607700877,1,0,1,0,0,2,2,1,1,0,2,2,30,50,1,2,1,1,4
1.9095203607700877,2,1,2,1,0,1,1,2,1,-1,2,0,42,50,1,1,1,-1,4
-0.7276935270069581,0,1,1,0,0,2,2,2,1,0,0,0,52,50,1,2,-1,-1,4
-0.593597905594566,0,1,-1,-1,-1,-1,-1,1,1,0,0,0,30,50,2,-1,1,1,4
1.0155495513541395,2,1,2,0,1,2,1,1,1,0,-1,2,35,50,1,2,0,1,5
-0.593597905594566,0,1,0,1,0,0,0,0,0,0,0,0,24,50,1,-1,-1,-1,4
-0.7276935270069581,1,1,0,-1,1,1,-1,1,1,1,-1,0,39,50,1,-1,1,-1,4
-0.7276935270069581,1,1,1,1,0,1,2,1,2,2,2,0,34,50,1,2,-2,-1,1
-0.7706041258589237,-1,-1,1,1,0,1,0,1,2,-1,2,0,32,50,2,2,-1,-1,1
-0.593597905594566,0,0,0,2,2,0,0,0,2,2,-1,1,43,38,0,0,-2,3,1
-0.7276935270069581,0,0,1,1,0,1,1,0,0,1,0,0,39,50,1,2,-2,-1,0
-0.7706041258589237,-1,-1,0,-1,1,0,0,1,0,2,2,2,35,50,2,1,-1,0,5
-0.593597905594566,2,2,1,1,0,1,0,2,0,1,2,2,34,50,1,2,1,1,5
1.9095203607700877,1,1,-1,-1,-1,-1,-1,0,1,-1,0,0,38,49,1,-1,1,-1,4
0.1215787419381922,2,2,1,0,1,2,1,0,2,2,-1,2,26,50,2,2,1,1,5
-0.7276935270069581,1,1,0,-1,1,1,1,1,0,1,2,0,24,9,1,0,0,-1,4
1.9095203607700877,1,0,0,1,0,1,1,1,0,0,2,2,27,50,1,0,-2,1,4
-0.7276935270069581,2,1,0,1,1,0,0,1,2,2,0,2,25,50,0,0,0,0,4
-0.7706041258589237,-1,-1,0,1,1,1,1,2,1,-1,0,0,37,50,1,-1,-1,-1,2
1.9095203607700877,1,0,0,1,0,0,0,1,2,2,2,0,33,10,1,0,0,-1,4
-0.593597905594566,1,0,1,2,1,0,-1,1,2,2,0,2,34,50,1,1,-1,1,4
-0.593597905594566,1,0,0,1,1,0,0,1,2,0,-1,2,27,10,1,0,-1,-1,4
0.1215787419381922,0,0,0,1,1,0,0,1,2,1,2,1,33,50,1,1,2,1,4
-0.7276935270069581,1,2,0,-1,0,1,-1,1,1,0,2,2,50,50,1,-1,1,3,4
-0.7706041258589237,-1,-1,2,2,1,0,-1,1,2,1,2,2,54,50,1,1,-1,1,4
1.9095203607700877,1,2,0,-1,0,-1,-1,1,0,2,-1,0,32,10,1,-1,-2,1,1
-0.7276935270069581,1,1,0,-1,0,-1,-1,1,0,0,0,0,39,10,1,0,2,-1,1
-0.7276935270069581,0,2,0,0,0,1,-1,2,0,1,0,0,36,50,1,-1,2,-1,4
0.1215787419381922,0,2,0,-1,0,1,1,1,0,-1,0,0,34,10,1,-1,1,-1,5
0.1215787419381922,1,1,0,1,1,1,0,0,0,0,2,1,31,50,1,0,-1,1,4
1.9095203607700877,-1,1,1,-1,1,1,1,2,1,2,2,1,36,50,0,0,1,0,2
1.9095203607700877,1,2,0,-1,1,-1,-1,0,1,0,-1,0,48,50,1,-1,2,1,2
-0.7276935270069581,0,1,0,1,1,0,0,0,2,0,2,1,31,50,0,-1,2,1,0
-0.763452359383596,-1,2,0,-1,0,1,-1,1,0,0,0,0,32,50,2,0,2,-1,4
0.1215787419381922,1,0,1,0,0,1,1,0,2,2,0,0,32,50,2,1,-1,-1,1
-0.7706041258589237,-1,-1,0,1,0,1,1,2,0,0,2,2,31,50,2,0,-1,1,4
-0.763452359383596,-1,1,0,1,1,1,1,0,0,0,2,2,28,50,1,-1,2,1,4
1.9095203607700877,0,0,0,2,0,0,0,1,2,2,2,2,28,49,0,0,-2,-1,0
-0.593597905594566,2,0,2,0,0,2,2,1,1,0,2,2,33,50,1,2,1,1,4
-0.7706041258589237,-1,-1,0,-1,1,-1,-1,1,0,0,2,0,33,50,0,-1,-1,-1,1
-0.7706041258589237,-1,-1,2,1,1,1,1,0,2,1,0,2,59,50,2,2,-1,1,4
-0.7706041258589237,-1,-1,0,1,1,1,1,1,1,1,2,2,33,50,1,1,-1,1,5
0.1215787419381922,0,1,1,1,1,1,1,0,1,2,-1,1,37,50,2,1,-2,1,2
-0.7276935270069581,1,1,0,2,0,1,0,1,1,2,0,0,27,21,2,0,1,1,5
1.9095203607700877,0,1,0,-1,0,2,2,1,2,0,0,1,39,50,2,0,-1,0,4
-0.7706041258589237,-1,-1,-1,-1,-1,-1,-1,0,0,-1,2,0,50,21,1,-1,-1,1,4
1.9095203607700877,2,1,1,1,1,1,-1,0,1,0,-1,0,34,50,0,1,1,-1,4
-0.7706041258589237,-1,-1,-1,-1,-1,-1,-1,0,1,2,0,1,50,21,1,-1,-1,3,1
-0.7276935270069581,-1,1,0,-1,1,1,0,0,1,2,-1,1,31,36,2,0,1,-1,1
1.9095203607700877,2,0,1,2,0,0,0,0,2,2,2,1,39,50,1,1,2,1,2
-0.593597905594566,0,0,1,1,1,1,1,1,1,2,2,0,46,50,1,1,-1,1,2
1.9095203607700877,0,1,0,1,0,0,0,2,0,0,0,1,28,50,1,0,1,1,4
-0.593597905594566,1,0,0,1,1,1,1,2,1,0,0,0,32,20,1,1,0,-1,4
-0.7706041258589237,-1,-1,1,-1,0,1,1,1,1,1,0,2,65,50,1,2,-1,1,4
-0.7706041258589237,-1,-1,2,0,0,2,-1,2,1,0,2,1,37,50,2,1,-1,1,5
-0.7706041258589237,-1,-1,-1,-1,-1,-1,-1,2,0,-1,-1,0,41,50,1,-1,-1,1,4
-0.7706041258589237,-1,-1,0,1,0,1,0,2,2,-1,-1,2,38,50,1,-1,-1,1,2
-0.593597905594566,1,2,0,2,2,0,0,2,0,2,0,2,51,50,1,0,1,1,4
1.0155495513541395,0,2,0,1,1,1,1,2,1,1,-1,1,29,50,1,1,0,-1,4
-0.7706041258589237,-1,-1,1,-1,1,0,1,1,1,0,0,0,37,10,2,0,-1,1,1
-0.7706041258589237,-1,-1,0,1,1,1,-1,0,1,1,0,0,31,10,2,-1,-1,-1,4
-0.763452359383596,-1,2,0,0,0,1,-1,2,0,0,2,1,32,26,1,0,2,1,1
-0.7706041258589237,-1,-1,0,-1,1,0,0,1,0,0,-1,2,31,45,1,-1,-1,1,5
1.9095203607700877,-1,0,0,-1,0,0,1,2,2,1,2,0,52,46,0,0,0,-1,1
-0.7706041258589237,-1,-1,-1,-1,-1,-1,-1,1,1,2,2,2,31,46,1,-1,-1,3,5
-0.7706041258589237,-1,-1,0,1,0,1,-1,0,0,2,0,0,38,49,2,-1,-1,-1,5
1.9095203607700877,2,1,0,2,2,1,0,1,2,1,-1,1,35,50,0,1,-1,1,1
-0.7706041258589237,-1,-1,1,1,1,0,1,0,2,1,-1,0,29,50,2,2,-1,-1,1
-0.7706041258589237,-1,-1,1,1,1,1,0,0,1,2,0,0,63,50,2,1,-1,-1,2
-0.7706041258589237,-1,-1,2,1,1,1,1,0,2,2,0,2,47,50,2,1,-1,1,4
-0.7706041258589237,-1,-1,0,1,0,1,1,2,0,2,2,2,43,3,2,1,-1,1,5
-0.593597905594566,-1,2,0,-1,1,1,-1,0,1,1,0,0,38,27,1,0,0,-1,2
-0.7276935270069581,0,0,2,-1,0,0,0,1,1,1,0,1,27,50,0,0,-1,-1,0
-0.7276935270069581,0,0,1,1,1,0,-1,0,0,0,2,2,40,50,2,1,-1,-1,2
1.0155495513541395,-1,0,0,2,1,0,-1,0,2,1,0,0,32,43,0,0,-2,-1,1
-0.7706041258589237,-1,-1,0,-1,1,1,1,1,0,0,0,1,43,50,2,-1,-1,-1,4
0.1215787419381922,2,1,2,2,0,1,0,0,2,2,-1,2,28,21,0,2,-1,0,4
-0.7706041258589237,-1,-1,1,1,1,1,1,1,2,2,0,0,46,49,2,1,-1,-1,1
1.9095203607700877,2,0,-1,-1,-1,-1,-1,0,2,0,2,0,42,50,1,-1,1,-1,4
-0.763452359383596,2,1,1,0,0,2,2,0,1,0,2,1,31,50,1,2,1,1,4
-0.7706041258589237,-1,-1,0,2,1,0,0,0,0,0,0,2,37,50,0,0,-1,1,2
-0.7276935270069581,-1,0,0,1,1,0,0,1,1,0,2,2,35,10,0,0,1,1,4
-0.7706041258589237,-1,-1,0,-1,1,-1,-1,1,1,1,0,1,30,50,2,-1,-1,1,4
-0.593597905594566,1,2,2,1,1,1,1,0,0,0,2,2,35,2,1,0,2,1,5
-0.593597905594566,2,1,-1,-1,-1,-1,-1,1,1,0,2,2,24,50,0,-1,1,1,4
-0.7276935270069581,0,0,-1,-1,-1,-1,-1,2,1,1,0,0,23,25,1,-1,-1,1,1
-0.7706041258589237,-1,-1,1,1,1,0,1,1,1,2,2,1,39,49,2,1,-1,1,4
-0.7276935270069581,-1,1,0,-1,1,1,1,0,0,1,0,0,38,20,2,1,2,-1,4
-0.7706041258589237,-1,-1,-1,-1,-1,-1,-1,1,1,-1,2,2,28,49,2,-1,-1,3,5
-0.7706041258589237,-1,-1,0,1,0,1,-1,1,1,2,0,0,30,49,1,0,-1,-1,4
-0.7706041258589237,-1,-1,2,1,0,0,0,0,2,1,0,1,38,49,2,0,-1,-1,1
-0.593597905594566,0,0,0,-1,1,1,-1,2,1,0,0,0,33,20,1,-1,2,-1,2
-0.593597905594566,1,2,0,-1,0,2,-1,2,1,0,0,0,35,49,1,-1,2,-1,4
-0.7706041258589237,-1,-1,0,0,0,2,0,2,2,2,0,0,54,49,0,0,-1,-1,5
0.1215787419381922,-1,1,0,-1,0,1,1,1,1,0,-1,0,30,21,0,1,-1,-1,1
-0.7706041258589237,-1,-1,0,2,1,0,0,1,0,0,-1,0,32,49,2,0,-1,-1,4
1.0155495513541395,0,0,0,-1,0,-1,-1,2,1,0,2,1,28,50,1,-1,2,-1,0
-0.7276935270069581,1,1,-1,-1,-1,-1,-1,2,1,0,-1,0,39,21,1,-1,1,1,4
-0.7276935270069581,2,1,1,1,1,0,1,2,1,0,2,0,31,21,1,1,2,-1,4
1.9095203607700877,0,0,-1,-1,-1,-1,-1,1,1,0,0,1,30,50,1,-1,1,-1,4
-0.593597905594566,1,1,0,1,1,1,-1,1,2,-1,0,0,25,50,1,-1,-1,-1,1
-0.7276935270069581,1,2,-1,-1,-1,-1,-1,1,0,0,0,0,26,49,2,-1,-1,-1,1
-0.593597905594566,1,1,1,0,0,1,1,0,0,1,0,0,30,50,0,1,1,-1,5
1.0155495513541395,-1,1,0,1,0,1,1,1,0,0,0,0,30,29,0,0,1,-1,4
0.1215787419381922,1,2,0,1,1,1,0,1,1,0,0,0,31,9,2,-1,2,-1,1
0.1215787419381922,1,1,0,-1,1,1,1,1,0,0,2,2,32,50,0,-1,-1,1,4
-0.593597905594566,-1,1,1,1,1,0,0,0,0,0,2,2,45,49,2,1,-1,1,1
-0.7706041258589237,-1,-1,2,1,1,1,1,0,0,-1,2,1,29,46,1,2,-1,1,5
-0.593597905594566,0,0,2,2,1,0,-1,0,2,1,2,1,27,50,2,0,1,1,2
-0.593597905594566,-1,0,0,2,1,0,0,0,1,0,-1,2,28,49,2,0,2,-1,0
1.0155495513541395,0,1,0,-1,1,1,-1,1,1,0,2,0,38,50,2,-1,-1,1,2
1.0155495513541395,2,1,2,1,1,1,1,1,0,2,2,2,38,50,1,2,1,1,5
1.9095203607700877,1,1,1,0,0,1,1,2,0,0,2,0,34,24,1,1,1,-1,5
-0.7706041258589237,-1,-1,-1,-1,-1,-1,-1,0,2,0,-1,0,36,33,1,-1,-1,0,4
-0.7276935270069581,0,1,-1,-1,-1,-1,-1,0,1,0,0,0,23,20,1,-1,2,-1,4
0.1215787419381922,1,0,1,1,1,1,-1,0,1,1,2,1,40,50,1,1,0,1,4
-0.7706041258589237,-1,-1,2,-1,0,1,-1,1,1,0,0,2,39,50,2,0,-1,0,5
-0.593597905594566,1,0,0,-1,0,1,-1,0,1,0,2,1,28,50,0,-1,-1,1,0
-0.7276935270069581,0,2,0,-1,0,1,-1,1,0,0,0,0,33,50,1,-1,-1,-1,1
-0.7706041258589237,-1,-1,0,1,1,1,-1,1,1,1,-1,1,32,50,2,0,-1,1,4
1.9095203607700877,0,0,-1,-1,-1,-1,-1,0,0,2,2,2,32,50,0,-1,1,1,2
1.9095203607700877,2,1,0,-1,0,0,-1,2,1,0,2,1,27,50,0,-1,2,1,4
0.1215787419381922,0,0,2,2,1,1,1,2,2,1,0,0,33,28,0,1,-1,0,5
0.1215787419381922,1,1,0,1,1,0,-1,1,1,1,2,0,34,30,0,-1,-1,-1,4
-0.7706041258589237,-1,-1,0,2,1,0,-1,0,2,-1,-1,1,38,25,1,0,-1,1,4
1.9095203607700877,0,0,0,1,1,0,-1,0,2,0,-1,0,35,50,0,-1,-1,-1,1
-0.593597905594566,1,1,0,-1,0,1,1,0,1,0,0,0,39,50,1,0,0,-1,4
1.9095203607700877,1,1,1,0,0,2,1,0,0,2,0,0,35,50,0,2,2,-1,4
0.1215787419381922,0,2,0,1,1,-1,0,2,1,2,0,2,34,50,1,-1,1,0,4
-0.7706041258589237,-1,-1,2,1,1,1,1,1,2,0,2,2,44,50,2,2,-1,1,4
1.0155495513541395,1,2,1,1,0,0,0,1,0,0,0,0,42,50,2,2,2,1,5
-0.7276935270069581,0,0,0,-1,0,1,-1,1,1,0,0,0,30,50,2,-1,-1,-1,2
-0.593597905594566,0,1,-1,-1,-1,-1,-1,2,1,0,2,1,55,50,0,-1,-1,-1,5
-0.593597905594566,2,0,2,2,0,0,1,0,2,2,2,1,46,50,1,2,1,1,4
0.1215787419381922,2,2,2,0,0,1,1,1,0,0,2,2,33,50,1,2,-1,1,5
-0.593597905594566,1,2,1,1,1,1,1,2,0,2,2,2,30,50,1,1,0,0,1
-0.593597905594566,-1,2,0,1,1,1,1,2,1,0,2,2,30,49,1,0,2,1,4
1.9095203607700877,2,0,1,2,1,1,-1,0,1,1,-1,1,31,50,0,-1,-1,1,4
1.9095203607700877,1,1,0,1,1,1,0,1,1,0,0,2,38,27,1,1,2,1,4
0.1215787419381922,2,2,-1,-1,-1,-1,-1,0,2,2,2,0,30,49,1,-1,-1,0,4
1.0155495513541395,2,2,2,2,1,0,0,0,0,2,2,2,32,50,1,2,1,0,5
1.9095203607700877,-1,0,0,1,0,0,1,0,2,2,-1,2,32,49,0,0,0,3,4
-0.593597905594566,0,1,2,-1,1,1,0,0,1,1,2,2,47,50,1,0,-2,0,4
-0.7276935270069581,-1,1,0,1,1,1,1,2,1,2,-1,1,39,49,2,0,2,0,2
0.1215787419381922,1,0,0,2,1,0,-1,0,2,-1,2,2,35,50,1,-1,-2,1,0
0.1215787419381922,2,0,2,0,0,2,2,0,2,1,0,2,36,50,1,2,-2,1,4
0.1215787419381922,2,0,-1,-1,-1,-1,-1,1,0,0,0,0,38,50,2,-1,-1,-1,2
0.1215787419381922,1,1,1,2,1,1,-1,0,1,2,-1,1,30,50,1,1,-1,1,5
-0.593597905594566,1,2,1,1,0,1,-1,2,1,0,2,0,33,50,1,1,1,-1,4
-0.7276935270069581,1,1,0,1,1,1,-1,1,1,-1,2,2,22,50,0,0,-1,-1,0
-0.7706041258589237,-1,-1,0,-1,1,-1,1,1,2,1,0,1,35,50,2,0,-1,-1,1
-0.593597905594566,0,1,0,-1,0,1,1,2,0,0,-1,0,26,50,0,-1,0,0,4
0.1215787419381922,2,2,2,0,0,2,1,1,0,0,0,1,34,50,2,2,0,1,5
-0.7706041258589237,-1,-1,1,-1,0,0,1,0,1,1,2,1,40,50,1,0,-1,-1,1
0.1215787419381922,-1,2,0,2,1,0,0,0,2,2,0,2,37,9,2,0,-1,3,0
-0.763452359383596,0,0,-1,-1,-1,-1,-1,2,0,0,0,0,43,46,1,-1,1,-1,1
-0.7706041258589237,-1,-1,-1,-1,-1,-1,-1,2,1,0,-1,2,20,50,1,-1,-1,1,5
1.0155495513541395,0,2,1,1,0,1,1,2,0,2,2,2,30,50,1,1,0,3,5
1.9095203607700877,1,0,1,1,0,0,0,2,0,2,2,1,32,50,1,1,-1,-1,1
1.9095203607700877,2,1,1,2,1,1,0,1,1,1,0,0,35,50,2,0,0,-1,4
-0.593597905594566,0,1,1,-1,0,2,-1,1,1,0,0,0,29,50,1,2,0,-1,4
1.0155495513541395,1,2,0,-1,1,1,1,2,0,0,-1,1,29,50,0,-1,2,1,1
1.9095203607700877,0,1,1,-1,0,1,1,1,1,1,-1,0,30,50,2,2,-1,-1,4
0.1215787419381922,0,0,1,1,0,1,1,2,2,-1,2,2,30,50,0,1,-1,1,4
0.1215787419381922,1,2,1,-1,0,2,-1,2,0,2,2,2,38,50,2,2,2,0,5
-0.593597905594566,0,2,0,-1,1,0,1,2,1,1,2,1,30,7,0,1,1,1,5
-0.593597905594566,0,0,0,-1,1,1,0,2,0,0,2,2,26,33,0,0,1,1,2
-0.7706041258589237,-1,-1,0,0,0,2,1,2,0,2,0,2,27,21,2,-1,-1,1,4
-0.763452359383596,-1,1,0,0,0,-1,-1,2,1,0,0,0,24,50,2,-1,1,-1,4
0.1215787419381922,0,1,0,1,1,0,0,0,2,0,0,0,35,50,0,-1,-1,-1,2
1.9095203607700877,1,1,0,1,0,0,1,1,1,0,0,1,38,45,1,-1,1,1,5
0.1215787419381922,2,0,2,1,1,0,1,0,1,1,0,2,36,50,1,2,2,1,4
-0.7706041258589237,-1,-1,0,1,0,1,1,2,1,2,0,2,34,49,2,0,-1,1,5
-0.593597905594566,2,1,1,1,0,1,1,2,1,2,-1,1,35,50,1,1,0,1,2
-0.7276935270069581,1,2,0,-1,0,2,-1,0,0,-1,-1,0,25,50,1,-1,1,-1,4
0.1215787419381922,1,2,1,1,0,2,-1,2,1,2,0,1,32,45,0,1,1,1,5
0.1215787419381922,1,0,0,1,1,-1,1,0,1,0,2,0,32,50,0,0,0,1,1
-0.7706041258589237,-1,-1,0,1,0,1,-1,2,1,-1,2,1,37,50,1,-1,-1,1,4
0.1215787419381922,1,1,1,-1,0,1,1,1,1,-1,0,1,28,21,1,2,1,0,4
1.0155495513541395,2,1,1,1,1,1,1,2,1,0,-1,0,34,49,1,0,1,0,2
1.9095203607700877,2,0,2,-1,0,-1,-1,1,1,2,2,2,40,50,0,2,0,1,4
1.9095203607700877,1,0,-1,-1,-1,-1,-1,2,2,2,-1,0,45,50,0,-1,-1,1,1
0.1215787419381922,1,2,0,1,1,0,0,1,1,-1,2,0,31,45,1,-1,2,-1,4
1.9095203607700877,2,1,2,-1,0,-1,0,2,2,0,2,2,30,50,1,2,1,1,5
1.9095203607700877,2,2,0,1,1,0,0,2,1,2,0,0,47,49,1,-1,0,-1,5
0.1215787419381922,0,1,0,2,2,0,-1,0,1,0,0,0,48,49,1,0,-1,-1,2
-0.7706041258589237,-1,-1,1,1,0,1,1,1,1,2,2,2,44,50,1,2,-1,-1,4
1.9095203607700877,0,0,1,-1,1,1,1,1,2,2,2,1,29,50,0,1,-2,1,2
1.9095203607700877,2,1,0,-1,0,1,-1,1,0,0,0,0,52,50,2,-1,2,-1,4
0.1215787419381922,2,2,2,0,0,1,1,1,0,2,0,0,34,45,1,1,2,1,1
0.1215787419381922,2,1,0,1,1,1,1,1,0,0,0,0,34,33,0,-1,2,-1,5
1.9095203607700877,1,1,1,1,0,1,1,1,1,0,0,0,27,50,1,1,-1,-1,4
1.9095203607700877,0,0,2,1,1,0,0,0,2,1,-1,1,30,40,1,0,0,-1,4
-0.7276935270069581,2,2,2,0,1,1,1,2,0,2,2,1,40,49,1,2,2,1,1
-0.7706041258589237,-1,-1,2,1,2,1,-1,2,1,0,2,2,26,50,2,0,-1,-1,5
-0.7706041258589237,-1,-1,0,-1,0,1,0,1,0,1,2,0,36,49,0,0,-1,1,4
-0.593597905594566,1,1,0,2,0,0,0,1,0,2,2,2,35,49,2,0,-2,-1,4
1.9095203607700877,0,0,0,-1,1,-1,-1,0,2,0,0,0,43,49,0,-1,1,-1,0
-0.593597905594566,-1,1,0,1,1,0,0,0,1,2,-1,2,36,49,1,0,-1,-1,4
0.1215787419381922,2,1,2,-1,0,0,-1,1,1,-1,0,0,32,50,1,2,-1,-1,1
-0.7706041258589237,-1,-1,0,-1,1,-1,-1,1,1,0,0,0,36,27,2,-1,-1,-1,4
1.9095203607700877,-1,0,0,2,0,1,0,1,2,2,2,2,38,34,0,1,-2,1,0
1.9095203607700877,1,2,1,0,0,1,1,1,1,2,0,1,35,50,2,1,1,-1,4
0.1215787419381922,-1,1,0,1,1,1,-1,1,2,1,2,2,35,2,1,-1,0,1,5
1.9095203607700877,1,1,1,2,1,0,-1,0,2,2,2,2,45,50,2,1,-2,3,2
-0.7706041258589237,-1,-1,0,-1,0,-1,2,1,1,0,0,0,47,34,2,0,-1,-1,4
0.1215787419381922,1,1,0,1,1,1,-1,1,0,0,2,0,27,50,1,-1,1,-1,4
-0.593597905594566,0,0,0,-1,1,1,1,1,1,0,2,0,26,50,1,-1,0,1,5
-0.7706041258589237,-1,-1,0,1,1,1,1,2,1,1,0,0,51,2,2,0,-1,1,4
-0.593597905594566,0,0,-1,-1,-1,-1,-1,1,2,2,2,2,25,17,1,-1,-2,3,2
0.1215787419381922,-1,0,0,2,1,0,0,0,1,2,0,1,41,43,1,0,-1,-1,4
1.9095203607700877,2,2,-1,-1,-1,-1,-1,1,1,-1,0,0,34,50,1,-1,1,-1,1
0.1215787419381922,-1,2,1,1,0,1,1,2,1,1,2,0,43,45,0,1,-2,-1,4
-0.593597905594566,0,1,0,-1,0,1,1,2,2,0,2,2,33,49,0,-1,-1,1,4
-0.7706041258589237,-1,-1,0,2,1,1,-1,1,2,1,0,0,37,2,1,0,-1,-1,4
-0.593597905594566,-1,0,-1,-1,-1,-1,-1,1,2,1,2,2,27,49,0,-1,-2,1,4
-0.7706041258589237,-1,-1,0,2,1,0,0,2,2,1,2,2,54,50,1,0,-1,1,4
1.9095203607700877,1,0,0,1,1,0,0,1,2,2,2,0,38,29,0,-1,2,1,2
1.9095203607700877,0,2,0,-1,0,0,-1,0,1,0,-1,0,42,21,1,-1,-1,1,5
-0.593597905594566,1,1,0,1,0,0,-1,1,0,0,0,0,30,49,1,1,-1,-1,4
1.0155495513541395,1,1,1,1,1,-1,-1,1,1,1,2,0,43,2,1,1,1,0,4
-0.7706041258589237,-1,-1,1,1,1,1,1,0,1,0,-1,2,33,33,0,1,-1,1,1
-0.763452359383596,-1,2,1,-1,1,0,1,0,1,2,2,0,37,2,2,1,1,-1,1
0.1215787419381922,1,0,0,2,1,1,0,1,1,1,0,2,25,50,1,1,-1,1,4
1.9095203607700877,-1,0,0,2,0,0,0,0,2,0,2,2,27,2,1,0,-1,0,4
-0.7706041258589237,-1,-1,-1,-1,-1,-1,-1,1,2,-1,2,2,27,10,1,-1,-1,1,2
1.9095203607700877,0,0,-1,-1,-1,-1,-1,0,2,-1,0,2,27,50,0,-1,-1,1,0
-0.7706041258589237,-1,-1,0,-1,0,-1,0,1,1,2,0,1,35,21,1,-1,-1,-1,1
-0.7276935270069581,-1,1,0,-1,0,0,0,2,1,-1,0,1,24,49,0,0,-1,1,4
-0.593597905594566,1,1,0,-1,0,1,1,0,1,0,0,1,31,21,1,-1,1,1,4
1.9095203607700877,0,2,-1,-1,-1,-1,-1,0,2,0,0,0,32,50,1,-1,1,1,2
1.9095203607700877,0,0,1,1,1,1,-1,1,2,0,0,2,33,2,1,0,2,1,4
-0.7706041258589237,-1,-1,2,1,1,0,-1,1,1,1,2,2,56,50,1,1,-1,3,5
1.9095203607700877,1,1,1,2,1,0,0,0,2,2,2,1,43,50,1,1,-1,1,4
1.9095203607700877,1,1,0,1,0,1,-1,1,0,2,-1,2,49,2,1,-1,2,1,4
-0.593597905594566,-1,1,0,0,0,1,2,2,1,2,0,0,35,9,1,0,0,1,1
1.9095203607700877,2,2,1,1,1,1,0,2,0,0,0,0,53,10,1,1,-2,1,5
0.1215787419381922,1,0,1,-1,0,1,1,0,0,1,2,2,45,50,0,1,-1,1,4
0.1215787419381922,0,0,1,2,0,0,0,1,2,0,-1,1,40,50,1,2,-2,0,4
1.9095203607700877,1,0,2,1,1,1,1,0,2,2,2,0,52,50,1,2,-1,1,2
-0.7706041258589237,-1,-1,0,0,1,-1,1,2,0,0,-1,1,30,49,2,-1,-1,1,4
1.9095203607700877,2,1,0,1,1,1,0,0,0,0,0,0,41,34,2,0,-1,0,1
-0.7706041258589237,-1,-1,0,-1,0,1,1,2,1,1,-1,1,31,33,2,0,-1,1,4
0.1215787419381922,-1,1,0,1,1,1,1,2,1,1,-1,1,31,46,1,0,1,-1,4
0.1215787419381922,-1,0,1,1,1,1,0,1,1,2,2,1,44,2,1,0,1,1,4
1.9095203607700877,0,1,1,1,0,0,-1,1,2,1,2,2,37,50,1,2,-2,1,4
-0.7276935270069581,-1,0,0,0,2,0,1,2,0,0,2,2,22,7,2,0,-1,1,2
-0.593597905594566,2,0,1,2,0,0,0,1,2,2,2,2,31,50,1,2,1,1,4
-0.593597905594566,-1,0,0,-1,0,-1,-1,0,2,2,-1,1,36,9,1,0,-1,-1,0
-0.7706041258589237,-1,-1,2,-1,1,0,0,0,2,2,2,2,28,39,2,0,-1,3,4
1.0155495513541395,0,0,1,1,1,2,1,1,0,0,2,0,25,50,1,-1,1,-1,5
-0.7706041258589237,-1,-1,0,1,1,1,1,0,2,1,-1,1,49,50,2,-1,-1,1,4
-0.763452359383596,-1,2,1,1,1,1,-1,1,0,0,2,2,22,50,2,1,2,1,5
-0.7706041258589237,-1,-1,2,0,0,1,1,2,1,1,0,2,43,50,1,1,-1,1,4
-0.7706041258589237,-1,-1,0,2,1,0,-1,0,2,1,2,1,33,50,0,0,-1,1,1
1.0155495513541395,2,0,1,1,0,0,1,0,2,0,-1,1,36,50,1,2,-2,1,4
-0.593597905594566,1,0,2,1,1,1,0,0,2,1,2,2,26,50,1,0,-2,1,4
1.9095203607700877,1,1,2,1,0,1,0,1,1,2,2,2,43,50,1,1,1,1,4
-0.7706041258589237,-1,-1,0,2,1,0,1,1,2,2,2,1,21,50,1,0,-1,1,2
1.9095203607700877,-1,0,0,1,2,1,1,0,1,2,2,0,39,2,1,0,0,-1,1
1.9095203607700877,1,2,0,1,0,0,1,2,1,1,-1,2,46,49,1,-1,0,1,4
-0.763452359383596,0,1,0,1,1,2,1,0,1,0,2,0,32,49,1,1,-1,1,4
-0.7706041258589237,-1,-1,0,2,0,0,0,2,2,0,0,0,31,49,1,0,-1,-1,1
-0.7706041258589237,-1,-1,2,-1,0,1,1,1,1,0,2,0,39,49,1,1,-1,1,5
0.1215787419381922,1,0,0,1,1,0,1,1,2,1,-1,1,44,45,1,1,0,1,4
1.9095203607700877,1,0,2,1,0,1,2,2,1,0,2,2,36,50,0,2,0,1,1
1.9095203607700877,1,1,0,1,1,1,0,0,0,0,0,0,31,49,0,-1,2,-1,1
0.1215787419381922,1,1,0,2,1,0,-1,0,2,1,2,2,36,50,1,0,-2,1,2
-0.7706041258589237,-1,-1,0,1,1,1,1,1,2,1,0,0,31,50,1,-1,-1,-1,4
-0.763452359383596,-1,0,0,0,1,0,-1,0,2,1,0,0,23,10,0,-1,-1,-1,1
-0.593597905594566,1,0,0,-1,0,-1,-1,1,1,1,-1,2,23,10,2,-1,1,1,1
-0.7706041258589237,-1,-1,0,2,0,0,0,2,2,0,2,2,30,50,2,0,-1,1,2
-0.7706041258589237,-1,-1,1,-1,0,1,2,1,1,0,-1,0,34,10,2,1,-1,-1,1
-0.7276935270069581,-1,2,0,0,0,2,2,2,1,0,0,0,49,50,1,-1,2,-1,4
-0.7276935270069581,1,1,0,1,0,0,0,0,0,-1,-1,1,25,6,0,0,-1,-1,0
-0.7276935270069581,0,1,0,1,1,1,-1,2,1,2,0,1,39,49,1,-1,-2,1,5
1.9095203607700877,-1,0,0,-1,2,1,0,0,2,1,0,0,37,21,0,-1,1,0,2
-0.593597905594566,0,2,2,1,0,1,0,2,1,0,0,0,26,50,1,0,1,-1,1
0.1215787419381922,2,1,0,1,0,0,0,2,1,1,2,2,41,50,1,-1,0,1,4
-0.7276935270069581,-1,1,-1,-1,-1,-1,-1,2,1,0,0,0,28,33,0,-1,2,-1,4
0.1215787419381922,-1,1,0,0,0,2,-1,1,1,0,-1,1,33,45,1,0,0,0,4
0.1215787419381922,1,0,0,1,1,0,-1,1,0,0,2,2,28,33,1,0,2,3,5
-0.7276935270069581,2,0,2,1,1,0,1,0,2,2,2,2,47,50,1,0,0,3,4
0.1215787419381922,1,0,-1,-1,-1,-1,-1,2,2,0,-1,1,25,6,0,-1,-1,-1,2
0.1215787419381922,2,1,1,1,1,2,0,0,1,0,2,0,51,50,0,1,2,1,4
1.9095203607700877,2,0,2,-1,2,0,0,0,2,1,0,2,26,50,0,1,-1,1,2
-0.593597905594566,2,1,-1,-1,-1,-1,-1,1,0,1,2,1,24,50,0,-1,0,-1,2
-0.7706041258589237,-1,-1,1,1,1,0,0,1,1,1,-1,1,33,50,2,2,-1,1,4
-0.593597905594566,2,0,2,1,1,0,-1,0,2,0,2,2,32,50,1,2,-1,1,4
-0.7276935270069581,0,0,1,1,0,1,1,0,2,0,0,0,57,50,2,2,-2,-1,2
1.9095203607700877,2,1,1,1,1,1,0,0,1,1,2,2,39,50,0,1,1,1,5
-0.7276935270069581,1,0,1,0,0,2,1,1,1,2,2,2,26,50,1,1,-1,1,4
0.1215787419381922,0,0,2,1,1,1,1,0,2,1,2,1,38,50,1,2,-1,-1,0
-0.763452359383596,0,2,1,2,0,0,0,2,2,1,2,0,33,19,1,2,-2,1,2
-0.7276935270069581,2,0,1,1,0,1,-1,2,1,0,2,1,30,50,1,-1,-1,-1,4
0.1215787419381922,1,1,0,-1,0,0,-1,1,1,2,2,2,25,50,1,-1,-1,3,4
-0.593597905594566,2,2,2,2,0,0,0,0,2,2,2,2,40,50,1,2,0,1,4
1.9095203607700877,2,2,2,1,1,1,1,1,1,1,2,2,26,50,1,1,1,1,4
1.9095203607700877,2,2,2,0,0,2,2,2,1,2,2,2,34,50,0,2,0,1,5
1.9095203607700877,2,0,1,1,0,0,-1,1,2,1,2,1,46,50,1,1,-1,1,2
1.9095203607700877,-1,0,1,2,0,2,0,0,1,2,2,2,31,50,1,2,-2,0,4
-0.7706041258589237,-1,-1,0,2,0,0,0,0,2,1,2,2,42,27,0,0,-1,1,4
1.9095203607700877,0,2,0,-1,0,1,0,2,1,1,0,0,30,50,1,-1,-1,-1,5
-0.763452359383596,1,1,1,-1,1,-1,-1,1,1,1,0,1,29,3,0,1,-1,1,4
0.1215787419381922,2,2,0,-1,0,2,-1,1,0,0,2,2,31,50,0,2,2,1,5
-0.593597905594566,1,2,1,1,1,1,1,0,1,0,-1,0,40,50,2,1,1,1,4
-0.593597905594566,0,1,1,1,1,1,0,0,2,2,0,1,37,50,1,1,2,-1,0
-0.593597905594566,1,2,1,1,0,2,2,1,1,0,0,0,27,50,2,2,2,-1,4
-0.593597905594566,0,0,2,2,2,0,-1,0,2,1,0,0,45,50,2,1,-1,-1,1
-0.593597905594566,0,1,-1,-1,-1,-1,-1,0,1,0,2,0,29,50,1,-1,2,-1,5
-0.593597905594566,0,2,2,0,0,1,1,0,0,0,0,0,47,50,1,2,2,-1,1
0.1215787419381922,0,2,0,-1,1,1,1,1,1,1,0,0,33,50,2,-1,2,-1,4
-0.593597905594566,0,0,0,2,2,0,0,0,1,0,0,0,32,50,2,-1,-1,-1,1
-0.593597905594566,0,2,0,1,0,1,1,2,1,1,0,0,29,50,1,-1,2,-1,5
-0.593597905594566,1,1,1,-1,1,1,1,2,1,1,2,2,36,50,1,1,1,1,4
-0.7276935270069581,1,0,0,-1,1,0,-1,0,2,0,-1,0,35,50,0,-1,-1,-1,1
-0.593597905594566,0,1,1,1,0,1,1,0,1,1,2,0,40,50,2,1,2,1,2
-0.593597905594566,1,0,1,2,0,0,0,1,1,0,2,2,36,50,2,1,-2,3,2
1.9095203607700877,0,0,1,2,1,0,-1,0,2,0,-1,0,39,50,1,-1,-1,-1,2
-0.593597905594566,0,1,1,2,1,0,0,0,0,2,0,1,38,50,2,1,1,0,0
-0.763452359383596,1,2,1,0,0,2,1,2,0,0,-1,1,23,50,1,-1,2,1,5
1.0155495513541395,0,0,0,1,1,-1,0,0,2,2,2,0,29,50,1,0,0,-1,2
0.1215787419381922,0,1,0,0,0,0,1,2,0,0,0,0,38,50,2,-1,2,-1,1
1.9095203607700877,2,1,0,1,1,0,-1,0,2,2,2,2,34,50,1,-1,-2,1,1
1.9095203607700877,1,0,0,2,2,-1,0,0,2,0,2,2,28,7,0,0,2,1,1
-0.7276935270069581,-1,2,1,1,1,1,1,2,0,2,2,2,38,34,1,1,2,3,5
-0.593597905594566,2,0,1,1,1,0,0,0,1,1,-1,1,25,50,0,1,-2,-1,4
1.9095203607700877,2,2,2,1,1,0,0,2,0,0,2,2,36,50,1,1,1,1,5
1.9095203607700877,1,0,0,2,1,0,0,0,2,2,2,2,57,50,1,-1,-2,1,2
1.9095203607700877,0,0,0,2,0,0,0,0,2,1,2,0,46,27,1,1,-2,0,5
1.9095203607700877,2,0,2,2,0,0,0,1,2,2,2,2,49,50,0,2,-2,1,4
1.9095203607700877,0,0,1,1,1,1,0,1,2,1,0,0,34,50,0,1,0,1,4
-0.593597905594566,0,1,0,1,1,1,0,1,0,2,0,0,43,49,1,0,2,-1,4
-0.7706041258589237,-1,-1,-1,-1,-1,-1,-1,1,0,0,0,2,35,27,1,-1,-1,3,1
-0.7706041258589237,-1,-1,2,-1,0,0,0,1,2,2,0,0,32,50,2,1,-1,-1,1
1.9095203607700877,-1,0,-1,-1,-1,-1,-1,0,1,0,-1,2,24,45,1,-1,2,1,0
1.9095203607700877,2,1,1,-1,1,0,0,0,1,1,2,2,33,50,1,2,-2,0,4
-0.763452359383596,0,2,0,0,0,1,0,2,0,0,2,1,28,19,0,-1,1,0,4
1.9095203607700877,1,1,-1,-1,-1,-1,-1,0,2,0,2,1,48,21,1,-1,1,1,4
-0.593597905594566,2,1,2,2,2,0,1,1,2,2,-1,2,33,50,2,0,-2,1,4
0.1215787419381922,-1,0,-1,-1,-1,-1,-1,1,1,0,0,0,40,50,0,-1,2,-1,0
-0.7706041258589237,-1,-1,0,1,0,1,0,1,2,2,2,2,22,50,1,0,-1,1,4
0.1215787419381922,0,0,2,2,2,0,-1,1,2,2,2,2,22,50,0,2,-1,1,2
0.1215787419381922,2,1,-1,-1,-1,-1,-1,0,1,2,-1,2,23,50,1,-1,1,1,1
1.9095203607700877,-1,2,-1,-1,-1,-1,-1,1,0,1,2,0,33,21,0,-1,1,1,5
-0.7276935270069581,1,1,-1,-1,-1,-1,-1,2,0,0,-1,1,29,33,0,-1,-2,1,2
1.9095203607700877,0,2,1,1,0,1,1,1,0,0,0,2,32,50,2,1,0,1,4
-0.593597905594566,2,0,2,-1,0,0,-1,0,1,1,2,2,43,50,1,2,-1,1,5
1.9095203607700877,0,2,-1,-1,-1,-1,-1,1,0,0,2,2,49,50,1,-1,2,1,4
1.9095203607700877,0,1,0,1,0,2,-1,2,0,0,0,0,44,45,2,0,2,-1,4
-0.7706041258589237,-1,-1,-1,-1,-1,-1,-1,2,1,2,2,2,29,50,2,-1,-1,1,5
-0.593597905594566,0,0,0,-1,0,2,-1,1,2,0,2,0,27,10,0,-1,-1,-1,4
-0.7276935270069581,1,1,0,1,0,0,1,2,2,1,0,1,30,50,0,-1,-2,-1,4
-0.763452359383596,-1,1,2,2,2,0,0,0,2,1,2,0,43,50,1,2,-2,-1,4
-0.593597905594566,2,0,0,1,0,0,0,2,2,2,0,2,30,50,1,0,-1,0,4
-0.593597905594566,0,1,1,1,1,1,0,1,2,1,2,2,33,50,1,1,-1,1,2
-0.7706041258589237,-1,-1,-1,-1,-1,-1,-1,0,1,1,2,2,27,50,1,-1,-1,1,2
-0.7276935270069581,0,0,0,1,1,0,0,1,1,2,2,2,26,50,0,0,-1,1,4
0.1215787419381922,2,0,0,2,1,-1,-1,1,2,0,2,0,47,27,1,-1,-1,1,4
-0.7276935270069581,1,0,0,-1,1,0,-1,1,0,-1,-1,2,30,50,0,-1,0,-1,4
-0.7276935270069581,0,0,0,-1,0,0,-1,1,2,0,2,0,39,50,0,-1,-1,-1,2
0.1215787419381922,1,1,0,1,1,1,1,1,1,1,0,1,36,50,0,-1,1,-1,2
-0.7276935270069581,0,1,1,-1,0,1,-1,1,0,0,2,0,34,49,2,1,2,-1,5
-0.593597905594566,0,0,0,1,0,1,1,1,1,0,2,2,25,50,0,1,-2,1,4
-0.593597905594566,0,1,0,0,0,1,-1,1,1,0,2,0,28,19,1,0,-1,-1,4
1.9095203607700877,2,2,1,1,1,1,1,0,1,0,2,2,38,50,1,2,1,1,5
0.1215787419381922,0,1,1,1,1,1,1,2,1,0,0,0,39,50,2,1,1,-1,4
-0.7276935270069581,1,1,0,-1,1,-1,0,1,2,1,-1,1,32,50,0,0,-1,-1,2
-0.593597905594566,1,0,1,1,0,1,1,2,1,-1,2,2,27,50,0,1,-1,0,5
1.0155495513541395,2,1,1,1,1,1,0,1,1,2,2,2,31,50,1,1,-1,1,5
-0.593597905594566,0,0,0,1,1,1,1,0,1,2,0,1,30,49,0,0,0,-1,2
-0.7706041258589237,-1,-1,0,-1,1,0,1,0,1,2,-1,0,34,49,1,1,-1,-1,1
-0.593597905594566,0,0,0,2,1,0,0,1,1,-1,2,1,26,50,2,0,-1,-1,5
0.1215787419381922,1,1,2,1,1,1,1,0,1,2,0,0,27,49,2,0,1,1,5
-0.593597905594566,0,1,0,0,0,1,1,1,0,1,0,2,29,50,0,1,-1,1,4
-0.7706041258589237,-1,-1,1,2,2,0,0,0,2,2,2,1,37,10,2,1,-1,-1,0
-0.7706041258589237,-1,-1,0,1,1,0,0,1,1,1,2,2,49,50,2,0,-1,1,4
1.9095203607700877,0,0,0,-1,0,0,-1,0,2,0,0,0,39,50,1,-1,1,-1,1
-0.7706041258589237,-1,-1,0,-1,0,-1,-1,1,1,-1,0,0,42,12,1,-1,-1,-1,1
1.0155495513541395,2,1,1,2,2,0,0,0,1,2,-1,2,28,50,1,1,0,1,4
-0.7706041258589237,-1,-1,0,-1,0,-1,-1,0,1,-1,-1,2,33,50,2,-1,-1,1,4
-0.7706041258589237,-1,-1,0,2,2,0,0,1,2,2,2,0,30,49,1,0,-1,1,4
-0.593597905594566,2,2,1,1,1,0,0,1,0,0,-1,2,70,50,2,2,0,0,5
-0.7276935270069581,-1,0,0,-1,0,1,1,2,1,0,2,1,25,21,1,0,0,1,2
-0.593597905594566,1,2,0,1,1,2,1,2,0,0,0,2,45,49,1,-1,0,1,5
1.9095203607700877,2,2,0,-1,1,-1,-1,0,0,1,-1,2,63,50,0,-1,0,0,5
-0.593597905594566,2,1,1,-1,0,1,1,0,1,0,2,2,40,50,2,1,-1,1,4
-0.593597905594566,2,1,1,1,1,0,-1,0,1,1,2,2,39,50,1,1,2,1,5
-0.593597905594566,-1,0,0,2,2,0,0,0,2,2,-1,2,34,50,0,1,-2,0,0
-0.7706041258589237,-1,-1,0,2,0,0,0,2,1,1,2,2,44,49,1,0,-1,1,5
1.0155495513541395,0,1,0,1,1,0,-1,0,1,0,0,1,45,27,2,0,1,1,2
0.1215787419381922,2,2,0,1,1,1,1,2,0,0,2,2,43,50,1,-1,2,1,5
-0.593597905594566,2,1,0,2,1,0,0,1,1,0,2,0,29,50,2,1,1,-1,4
0.1215787419381922,2,1,1,1,1,1,0,2,0,1,2,2,37,50,2,1,-1,1,2
-0.593597905594566,2,0,1,1,0,0,-1,1,1,0,2,2,30,50,1,1,0,1,2
-0.593597905594566,1,0,-1,-1,-1,-1,-1,2,2,1,2,2,28,50,1,-1,-1,1,4
1.9095203607700877,1,1,-1,-1,-1,-1,-1,1,2,1,0,0,28,50,1,-1,-1,-1,1
-0.7706041258589237,-1,-1,1,1,0,1,-1,1,1,0,2,2,39,46,1,1,-1,1,4
-0.7276935270069581,-1,0,0,1,1,0,0,1,0,2,2,2,22,49,1,0,-2,-1,0
-0.593597905594566,0,1,1,-1,0,2,-1,1,0,1,-1,0,31,50,1,1,2,-1,4
-0.593597905594566,-1,0,0,1,1,1,-1,2,1,-1,-1,0,29,49,0,0,-1,-1,1
0.1215787419381922,0,0,1,1,1,0,0,0,2,1,0,1,33,28,0,2,1,-1,1
0.1215787419381922,0,1,0,1,1,1,-1,0,2,2,0,0,37,21,1,1,2,1,5
0.1215787419381922,1,1,0,-1,0,-1,0,2,1,0,0,1,42,50,2,-1,-1,-1,4
-0.7276935270069581,0,2,0,-1,0,1,-1,0,1,2,2,2,31,49,0,0,1,3,4
-0.7706041258589237,-1,-1,1,1,0,1,0,2,1,-1,2,2,34,50,2,1,-1,1,5
-0.7706041258589237,-1,-1,0,1,0,0,0,1,2,2,-1,2,49,50,2,0,-1,1,2
-0.593597905594566,2,1,0,1,1,0,0,1,2,1,2,1,29,10,0,0,-1,-1,2
-0.593597905594566,0,1,0,1,1,1,1,1,0,0,2,2,46,33,1,-1,1,1,5
-0.7706041258589237,-1,-1,1,1,0,1,0,1,1,2,2,0,31,50,2,1,-1,1,4
0.1215787419381922,0,1,0,1,0,0,-1,2,0,0,0,1,43,16,1,-1,2,1,4
-0.7706041258589237,-1,-1,-1,-1,-1,-1,-1,0,1,-1,2,0,45,21,1,-1,-1,-1,4
-0.7276935270069581,0,0,0,2,1,0,0,0,2,2,0,1,32,49,1,0,-1,1,1
-0.7706041258589237,-1,-1,0,-1,1,1,0,0,2,1,2,2,38,50,1,-1,-1,0,4
1.9095203607700877,2,1,0,1,0,1,0,2,2,0,2,2,40,33,1,1,2,1,4
-0.593597905594566,1,1,2,0,0,1,-1,1,0,-1,-1,2,38,21,0,0,0,1,2
0.1215787419381922,-1,1,0,1,1,1,1,1,1,2,-1,2,32,49,0,0,-2,1,4
1.9095203607700877,1,0,-1,-1,-1,-1,-1,1,2,1,0,1,37,32,1,-1,-1,1,4
-0.7706041258589237,-1,-1,-1,-1,-1,-1,-1,1,2,-1,2,2,24,45,1,-1,-1,3,5
-0.7706041258589237,-1,-1,1,1,1,1,0,1,1,0,2,1,25,50,2,2,-1,1,4
-0.7276935270069581,0,1,0,1,0,1,0,2,0,1,2,0,24,50,1,-1,2,-1,1
1.9095203607700877,1,0,1,1,0,1,-1,1,1,-1,2,0,34,50,1,1,-2,-1,4
-0.7706041258589237,-1,-1,0,1,1,0,0,1,1,2,2,2,55,50,2,1,-1,1,4
0.1215787419381922,2,1,0,-1,0,1,-1,2,1,0,2,2,32,50,1,-1,0,0,4
-0.763452359383596,-1,0,0,-1,0,0,0,0,0,0,0,0,29,39,0,0,2,-1,1
1.9095203607700877,0,1,-1,-1,-1,-1,-1,0,0,0,0,0,20,50,1,-1,2,-1,4
1.9095203607700877,2,1,0,1,0,1,0,2,1,0,2,1,41,50,1,-1,-1,-1,4
-0.7276935270069581,2,2,2,1,0,0,1,1,1,0,2,2,33,50,1,2,2,0,4
-0.593597905594566,0,1,0,1,0,1,1,2,0,0,2,1,25,50,1,-1,1,3,5
-0.7706041258589237,-1,-1,1,-1,0,1,-1,0,1,-1,-1,0,29,49,1,-1,-1,-1,1
0.1215787419381922,1,2,1,0,0,1,1,0,0,0,0,2,39,50,1,1,-1,0,4
1.0155495513541395,2,0,0,2,1,0,1,2,2,0,2,0,39,49,1,0,1,-1,4
-0.7706041258589237,-1,-1,0,-1,0,2,-1,1,0,0,-1,0,44,49,1,0,-1,0,5
-0.7706041258589237,-1,-1,0,-1,1,-1,0,1,1,2,2,2,30,33,1,0,-1,1,2
-0.7276935270069581,1,2,0,1,1,1,-1,1,1,0,2,0,31,16,1,0,1,-1,1
-0.763452359383596,-1,2,0,1,1,1,1,2,2,2,2,2,37,49,2,0,2,1,4
-0.7276935270069581,-1,1,0,1,0,0,0,2,0,2,2,2,42,49,1,0,-1,1,5
-0.7706041258589237,-1,-1,0,1,1,1,-1,1,2,1,-1,1,35,10,2,-1,-1,1,2
-0.593597905594566,1,0,0,2,0,1,0,0,1,1,2,0,30,50,0,1,-1,1,2
1.9095203607700877,0,0,1,1,1,1,-1,0,2,1,0,0,30,10,2,2,-1,-1,2
-0.593597905594566,0,1,1,1,0,0,1,2,2,2,2,2,33,50,1,1,-2,-1,2
1.9095203607700877,1,1,0,-1,0,2,-1,2,1,2,-1,1,31,50,0,-1,0,-1,5
1.9095203607700877,2,0,2,2,1,0,0,0,2,2,2,2,39,50,1,2,-1,1,4
-0.593597905594566,0,2,0,-1,0,1,1,1,0,0,0,0,27,21,0,0,-1,1,4
-0.7706041258589237,-1,-1,0,2,1,1,0,1,2,1,0,2,34,49,1,0,-1,1,2
-0.7276935270069581,-1,0,2,0,0,1,2,2,1,0,0,0,31,50,1,2,-1,-1,4
1.9095203607700877,2,1,2,1,0,1,1,1,1,0,2,2,30,50,2,2,-2,1,5
-0.593597905594566,0,1,1,1,0,1,0,1,1,1,2,2,34,50,1,1,2,1,2
-0.7276935270069581,-1,1,-1,-1,-1,-1,-1,1,0,-1,-1,1,20,10,0,-1,0,-1,2
-0.7706041258589237,-1,-1,0,2,1,0,0,1,2,2,2,2,39,50,0,0,-1,3,5
1.9095203607700877,0,0,1,1,1,-1,-1,1,1,1,2,1,50,50,1,1,-1,1,0
-0.763452359383596,0,0,-1,-1,-1,-1,-1,0,2,0,2,2,22,50,0,-1,-2,3,0
0.1215787419381922,2,0,2,1,1,1,-1,0,1,1,-1,1,41,44,1,2,1,1,4
-0.593597905594566,0,1,0,-1,0,-1,-1,0,1,0,0,1,37,21,1,-1,1,1,1
0.1215787419381922,2,0,1,1,1,1,1,1,2,1,2,2,32,50,1,1,2,1,2
-0.7706041258589237,-1,-1,0,2,2,2,0,2,1,2,2,1,26,3,2,0,-1,1,5
-0.7276935270069581,0,2,0,1,1,1,-1,1,0,0,2,2,38,33,0,-1,1,1,5
-0.7706041258589237,-1,-1,-1,-1,-1,-1,-1,1,1,2,2,1,21,49,2,-1,-1,-1,0
-0.7276935270069581,1,0,1,2,0,0,0,1,2,0,2,2,27,50,1,1,-1,1,4
-0.763452359383596,1,0,0,2,1,0,0,0,2,2,2,2,37,50,1,0,-2,1,2
-0.7706041258589237,-1,-1,2,-1,1,0,0,2,2,2,-1,1,45,49,2,0,-1,1,1
-0.7706041258589237,-1,-1,1,-1,0,2,-1,2,0,2,0,0,26,50,1,-1,-1,-1,1
-0.7276935270069581,0,1,1,2,1,1,1,0,2,2,2,1,30,50,1,1,-2,-1,4
1.9095203607700877,0,0,0,2,0,0,-1,2,2,0,2,2,21,50,1,0,-1,1,5
1.9095203607700877,1,0,1,1,1,1,1,2,1,2,-1,1,21,50,1,1,0,1,2
-0.7706041258589237,-1,-1,0,1,1,1,-1,2,1,0,0,0,29,21,1,-1,-1,-1,4
1.9095203607700877,1,0,-1,-1,-1,-1,-1,2,2,1,0,0,46,50,1,-1,1,-1,4
-0.7706041258589237,-1,-1,1,1,1,1,0,1,2,2,2,2,37,50,2,2,-1,1,4
1.9095203607700877,1,0,0,1,1,0,-1,1,2,1,0,0,44,50,1,-1,0,-1,1
-0.7706041258589237,-1,-1,2,2,0,1,0,1,2,2,2,2,45,50,2,2,-1,1,4
-0.763452359383596,1,2,1,1,0,0,-1,2,1,-1,-1,0,35,50,2,1,1,-1,1
-0.593597905594566,2,1,1,1,0,0,0,2,0,0,2,2,39,50,0,1,-1,1,4
1.9095203607700877,1,0,0,-1,1,1,1,2,1,0,0,0,37,50,1,-1,-1,-1,1
0.1215787419381922,0,0,1,0,1,1,0,2,2,2,0,0,35,50,1,-1,0,-1,2
1.9095203607700877,2,0,-1,-1,-1,-1,-1,1,2,1,2,2,29,50,0,-1,-1,1,0
-0.7706041258589237,-1,-1,0,2,1,0,0,0,2,2,-1,0,49,50,0,-1,-1,1,2
-0.593597905594566,0,1,0,1,0,-1,1,1,1,0,-1,2,21,50,1,-1,0,1,5
-0.593597905594566,2,1,1,-1,0,1,1,2,0,2,2,1,26,50,1,1,-2,1,4
0.1215787419381922,1,2,0,0,0,1,1,0,0,0,2,1,35,21,0,0,1,1,1
0.1215787419381922,2,2,0,1,1,0,0,0,0,2,0,2,56,50,1,0,1,0,4
-0.7706041258589237,-1,-1,0,-1,1,0,0,1,2,2,2,2,53,50,2,1,-1,1,2
-0.7706041258589237,-1,-1,1,2,1,0,1,1,2,1,2,2,48,50,1,2,-1,1,2
-0.593597905594566,1,2,-1,-1,-1,-1,-1,2,0,-1,0,0,24,49,0,-1,1,-1,1
1.9095203607700877,1,0,0,-1,1,0,-1,0,1,1,0,2,37,27,0,0,1,1,0
-0.593597905594566,2,2,-1,-1,-1,-1,-1,1,1,2,2,2,27,50,0,-1,-2,1,4
-0.763452359383596,0,1,0,1,1,0,-1,1,0,0,2,2,39,50,1,-1,-1,1,5
-0.7706041258589237,-1,-1,0,1,1,0,0,1,2,0,0,0,31,19,1,0,-1,-1,1
0.1215787419381922,2,0,0,2,1,0,0,1,2,2,2,2,34,50,2,1,-2,-1,4
1.9095203607700877,-1,2,0,1,0,1,1,2,1,2,2,2,33,49,1,0,2,1,4
-0.763452359383596,0,0,-1,-1,-1,-1,-1,1,2,0,-1,2,22,49,0,-1,-1,1,0
-0.7276935270069581,-1,1,0,-1,0,-1,-1,1,1,0,-1,0,25,49,1,-1,1,-1,1
1.9095203607700877,0,1,2,1,1,1,1,1,0,0,0,0,34,49,0,1,2,-1,1
-0.7276935270069581,-1,1,-1,-1,-1,-1,-1,0,2,2,2,1,30,49,1,-1,0,-1,1
-0.593597905594566,0,1,1,1,1,1,1,1,1,1,-1,1,37,49,0,1,-1,1,4
-0.7276935270069581,0,0,0,2,1,1,0,0,2,1,0,2,26,11,0,0,-1,-1,0
1.9095203607700877,2,1,2,1,0,1,1,1,1,2,0,1,29,50,0,1,-1,1,4
-0.7276935270069581,0,1,1,1,0,1,1,1,2,2,-1,0,29,11,1,1,-2,1,5
-0.593597905594566,-1,1,1,1,0,0,0,1,1,2,2,2,27,49,0,1,-1,1,2
-0.7276935270069581,0,0,0,-1,1,0,0,2,1,0,2,0,27,11,1,0,0,1,4
1.9095203607700877,0,1,-1,-1,-1,-1,-1,1,2,-1,0,0,23,50,1,-1,1,-1,4
1.9095203607700877,2,0,0,0,1,2,2,1,0,0,0,0,24,50,1,-1,2,-1,2
-0.7706041258589237,-1,-1,0,1,0,0,0,2,2,0,-1,2,22,23,1,0,-1,1,5
-0.763452359383596,0,2,0,-1,0,2,-1,1,0,0,0,0,28,49,0,0,2,-1,4
-0.7276935270069581,1,0,0,1,1,0,1,2,2,0,2,2,22,50,0,-1,-1,1,1
-0.593597905594566,2,0,1,1,1,1,0,1,0,1,2,1,32,50,1,1,1,-1,4
-0.7276935270069581,0,2,1,1,1,1,1,1,0,1,0,2,35,50,2,1,-1,1,4
-0.593597905594566,2,0,2,1,0,1,0,2,0,0,0,2,26,50,1,0,2,1,2
1.9095203607700877,2,0,0,2,2,1,0,0,2,2,-1,2,31,49,1,0,-1,1,2
-0.7706041258589237,-1,-1,0,-1,1,1,1,1,0,2,2,2,32,50,1,-1,-1,1,5
0.1215787419381922,0,1,0,-1,0,2,0,0,2,0,-1,1,37,37,1,0,-1,-1,4
-0.7276935270069581,0,1,0,-1,1,1,-1,1,0,0,0,2,24,49,0,0,0,0,2
-0.593597905594566,2,2,0,-1,0,2,1,2,0,0,0,0,33,50,2,-1,2,-1,5
0.1215787419381922,2,2,1,1,1,0,0,2,0,1,-1,2,28,50,1,1,1,1,4
1.9095203607700877,0,1,-1,-1,-1,-1,-1,2,0,0,-1,1,22,50,1,-1,1,0,2
0.1215787419381922,-1,1,0,1,1,0,-1,1,0,2,2,1,46,21,1,0,-1,1,2
-0.593597905594566,2,1,1,1,1,1,0,2,1,0,-1,1,30,50,2,1,0,-1,4
-0.593597905594566,1,1,1,-1,1,-1,-1,0,1,2,0,2,29,50,0,0,-1,3,4
0.1215787419381922,0,0,-1,-1,-1,-1,-1,1,0,0,2,2,22,50,1,-1,1,1,4
-0.7706041258589237,-1,-1,0,2,2,1,1,1,2,2,2,2,24,50,1,1,-1,1,1
-0.7706041258589237,-1,-1,0,2,1,0,1,2,2,2,0,2,29,50,2,0,-1,-1,4
1.9095203607700877,2,1,2,1,1,1,1,0,2,2,2,1,30,50,1,2,1,1,4
-0.7706041258589237,-1,-1,0,-1,0,1,0,2,1,0,2,1,25,50,2,2,-1,1,4
1.9095203607700877,1,1,2,2,1,0,0,0,2,0,0,0,39,50,1,0,-1,-1,2
-0.7706041258589237,-1,-1,0,1,1,1,0,2,0,-1,0,0,31,41,2,0,-1,1,1
-0.7706041258589237,-1,-1,2,1,1,1,0,0,0,0,2,2,25,50,1,0,-1,0,5
1.0155495513541395,1,0,0,-1,0,0,-1,1,0,1,-1,0,39,50,1,-1,-1,-1,1
1.9095203607700877,2,0,1,-1,0,0,-1,1,2,0,2,2,31,50,2,2,-1,1,1
0.1215787419381922,0,1,0,2,2,0,1,0,1,1,2,1,35,50,1,1,-1,-1,5
1.9095203607700877,1,0,-1,-1,-1,-1,-1,1,2,2,-1,2,23,50,1,-1,-2,1,1
1.9095203607700877,1,0,0,-1,1,0,-1,0,2,1,2,2,30,50,0,-1,-2,1,4
-0.7276935270069581,0,2,0,-1,0,0,1,2,2,-1,2,0,28,20,1,-1,0,-1,1
1.9095203607700877,0,0,0,2,1,0,0,0,2,2,2,2,23,27,0,0,-1,3,0
-0.593597905594566,2,1,1,1,1,1,1,0,1,1,2,2,26,50,0,2,0,1,4
-0.593597905594566,2,1,1,1,0,1,0,2,2,2,2,1,24,50,0,1,-2,1,2
1.9095203607700877,0,0,2,1,0,1,0,2,1,2,0,0,32,50,0,0,1,-1,5
-0.7706041258589237,-1,-1,0,2,0,0,0,2,2,2,2,2,35,50,2,1,-1,1,4
0.1215787419381922,-1,2,0,-1,1,1,-1,2,1,0,0,1,30,18,1,0,1,1,4
-0.593597905594566,1,0,0,-1,0,1,1,1,0,0,0,2,32,50,1,1,-1,1,5
-0.7276935270069581,2,0,-1,-1,-1,-1,-1,1,2,0,0,1,35,50,0,-1,-1,1,5
-0.593597905594566,2,0,0,2,1,0,0,1,2,0,-1,1,26,50,2,-1,0,1,2
0.1215787419381922,1,1,1,1,0,1,0,1,1,1,2,2,30,50,1,2,1,1,4
-0.593597905594566,0,1,1,1,0,1,1,2,1,2,-1,1,29,50,0,1,-1,1,4
1.9095203607700877,1,2,0,2,1,1,0,0,0,2,0,0,39,10,2,0,1,-1,4
1.9095203607700877,1,0,0,1,0,1,0,2,2,2,2,1,37,49,0,-1,0,1,4
-0.593597905594566,0,0,1,1,1,0,0,1,2,2,0,0,35,50,1,2,-2,-1,1
-0.763452359383596,2,0,2,2,2,0,-1,1,2,2,2,2,25,50,1,2,-1,1,2
-0.593597905594566,2,1,2,1,1,1,0,1,2,2,2,1,33,49,0,2,0,1,1
-0.763452359383596,0,1,-1,-1,-1,-1,-1,1,0,0,2,2,23,50,1,-1,-1,1,2
-0.7706041258589237,-1,-1,2,2,0,0,0,2,2,2,2,2,29,7,1,0,-1,0,4
-0.593597905594566,2,0,1,1,1,0,0,1,2,2,2,2,28,50,2,2,-2,1,2
1.9095203607700877,2,2,1,1,1,0,0,2,0,0,2,2,30,50,0,1,2,1,4
0.1215787419381922,2,1,0,-1,1,-1,-1,0,0,1,2,2,28,50,1,0,1,1,1
-0.7276935270069581,2,2,0,2,1,1,1,1,1,0,2,1,28,50,2,-1,2,1,2
1.9095203607700877,0,1,0,1,1,1,0,1,2,0,2,2,37,50,0,0,-1,-1,1
-0.593597905594566,2,1,1,2,1,1,0,1,2,1,2,2,30,50,1,1,-1,1,4
-0.7276935270069581,1,0,0,0,1,2,0,0,0,0,2,2,27,25,1,0,-1,3,1
-0.7706041258589237,-1,-1,0,2,0,-1,0,1,1,2,2,2,29,10,1,1,-1,3,4
1.9095203607700877,1,0,-1,-1,-1,-1,-1,1,1,1,-1,1,28,38,0,-1,-1,3,1
0.1215787419381922,1,0,0,-1,0,1,-1,0,1,1,2,2,29,50,1,-1,-1,1,4
-0.7706041258589237,-1,-1,0,1,1,1,-1,0,1,2,0,0,34,21,1,-1,-1,-1,4
0.1215787419381922,2,1,1,0,0,1,1,1,1,2,-1,2,36,49,2,1,0,1,2
-0.593597905594566,0,0,0,2,1,0,0,0,2,2,0,2,38,5,0,-1,-2,1,4
-0.7276935270069581,1,0,-1,-1,-1,-1,-1,0,2,2,0,2,22,50,1,-1,2,3,1
-0.763452359383596,1,1,-1,-1,-1,-1,-1,2,1,1,0,0,24,50,1,-1,0,1,5
0.1215787419381922,2,2,0,0,0,2,1,1,0,0,2,2,24,50,1,0,1,1,5
1.0155495513541395,2,2,2,1,0,1,1,1,1,1,2,2,36,50,0,2,-2,1,4
1.9095203607700877,1,1,-1,-1,-1,-1,-1,1,0,1,2,2,24,50,0,-1,-2,1,2
1.0155495513541395,0,0,-1,-1,-1,-1,-1,0,1,1,0,0,24,50,0,-1,1,-1,2
-0.593597905594566,-1,0,-1,-1,-1,-1,-1,1,2,2,2,2,31,33,0,-1,-2,-1,4
-0.593597905594566,1,0,0,-1,0,0,2,1,1,0,0,2,39,49,0,-1,0,1,4
1.9095203607700877,2,2,1,1,0,0,1,0,1,0,2,2,41,50,1,1,1,1,1
-0.7706041258589237,-1,-1,0,-1,0,1,0,1,1,0,-1,1,29,49,2,-1,-1,-1,1
-0.593597905594566,0,2,0,1,1,1,0,1,0,0,-1,0,37,18,0,0,2,-1,2
-0.593597905594566,1,1,2,2,1,1,0,0,1,2,0,0,30,50,2,2,-1,-1,5
0.1215787419381922,1,0,-1,-1,-1,-1,-1,1,1,0,0,0,24,10,1,-1,1,-1,1
0.1215787419381922,-1,1,0,1,0,1,1,1,2,1,-1,2,22,10,1,-1,-1,1,4
0.1215787419381922,1,1,0,1,1,0,1,1,1,0,-1,1,24,10,1,1,1,1,2
0.1215787419381922,1,1,0,1,1,1,1,1,1,2,-1,2,26,10,1,-1,1,1,4
1.0155495513541395,0,2,1,1,0,0,0,0,0,2,2,2,38,50,2,1,1,1,5
-0.7706041258589237,-1,-1,1,-1,0,1,1,0,1,1,2,0,34,50,1,2,-1,-1,4
-0.7706041258589237,-1,-1,-1,-1,-1,-1,-1,1,2,1,2,0,56,0,1,-1,-1,1,2
0.1215787419381922,2,2,1,2,1,1,0,1,0,2,2,1,52,50,1,1,-1,1,4
0.1215787419381922,1,1,0,2,0,0,0,1,0,2,2,2,30,50,1,0,-1,1,4
